{
    "request": {
        "type": "LatLon",
        "query": "Lat -0.36 and Lon 20.00",
        "language": "en",
        "unit": "m"
    },
    "location": {
        "name": "Bolakwafumba",
        "country": "Democratic Republic of Congo",
        "region": "Equateur",
        "lat": "-0.383",
        "lon": "19.933",
        "timezone_id": "Africa/Kinshasa",
        "localtime": "2022-08-16 19:58",
        "localtime_epoch": 1660679880,
        "utc_offset": "1.0"
    },
    "current": {
        "observation_time": "06:58 PM",
        "temperature": 28,
        "weather_code": 116,
        "weather_icons": [
            "https://assets.weatherstack.com/images/wsymbols01_png_64/wsymbol_0004_black_low_cloud.png"
        ],
        "weather_descriptions": [
            "Partly cloudy"
        ],
        "wind_speed": 9,
        "wind_degree": 62,
        "wind_dir": "ENE",
        "pressure": 1009,
        "precip": 0,
        "humidity": 52,
        "cloudcover": 57,
        "feelslike": 29,
        "uv_index": 1,
        "visibility": 10,
        "is_day": "no"
    }
}