{
    "request": {
        "type": "LatLon",
        "query": "Lat 2.53 and Lon 20.00",
        "language": "en",
        "unit": "m"
    },
    "location": {
        "name": "Yanga-Libenge",
        "country": "Democratic Republic of Congo",
        "region": "Equateur",
        "lat": "2.533",
        "lon": "20.050",
        "timezone_id": "Africa/Kinshasa",
        "localtime": "2022-08-16 19:58",
        "localtime_epoch": 1660679880,
        "utc_offset": "1.0"
    },
    "current": {
        "observation_time": "06:58 PM",
        "temperature": 25,
        "weather_code": 116,
        "weather_icons": [
            "https://assets.weatherstack.com/images/wsymbols01_png_64/wsymbol_0004_black_low_cloud.png"
        ],
        "weather_descriptions": [
            "Partly cloudy"
        ],
        "wind_speed": 12,
        "wind_degree": 30,
        "wind_dir": "NNE",
        "pressure": 1010,
        "precip": 0,
        "humidity": 69,
        "cloudcover": 45,
        "feelslike": 27,
        "uv_index": 1,
        "visibility": 10,
        "is_day": "no"
    }
}