{
    "request": {
        "type": "LatLon",
        "query": "Lat -2.53 and Lon 20.00",
        "language": "en",
        "unit": "m"
    },
    "location": {
        "name": "Leko",
        "country": "Democratic Republic of Congo",
        "region": "Bandundu",
        "lat": "-2.550",
        "lon": "19.983",
        "timezone_id": "Africa/Kinshasa",
        "localtime": "2022-08-16 19:58",
        "localtime_epoch": 1660679880,
        "utc_offset": "1.0"
    },
    "current": {
        "observation_time": "06:58 PM",
        "temperature": 31,
        "weather_code": 116,
        "weather_icons": [
            "https://assets.weatherstack.com/images/wsymbols01_png_64/wsymbol_0004_black_low_cloud.png"
        ],
        "weather_descriptions": [
            "Partly cloudy"
        ],
        "wind_speed": 4,
        "wind_degree": 348,
        "wind_dir": "NNW",
        "pressure": 1007,
        "precip": 0,
        "humidity": 34,
        "cloudcover": 28,
        "feelslike": 30,
        "uv_index": 1,
        "visibility": 10,
        "is_day": "no"
    }
}