{
    "request": {
        "type": "LatLon",
        "query": "Lat 44.46 and Lon 20.00",
        "language": "en",
        "unit": "m"
    },
    "location": {
        "name": "Trlic",
        "country": "Serbia",
        "region": "Serbia (general)",
        "lat": "44.461",
        "lon": "19.973",
        "timezone_id": "Europe/Belgrade",
        "localtime": "2022-08-16 20:58",
        "localtime_epoch": 1660683480,
        "utc_offset": "2.0"
    },
    "current": {
        "observation_time": "06:58 PM",
        "temperature": 23,
        "weather_code": 113,
        "weather_icons": [
            "https://assets.weatherstack.com/images/wsymbols01_png_64/wsymbol_0001_sunny.png"
        ],
        "weather_descriptions": [
            "Sunny"
        ],
        "wind_speed": 17,
        "wind_degree": 207,
        "wind_dir": "SSW",
        "pressure": 1012,
        "precip": 0,
        "humidity": 69,
        "cloudcover": 15,
        "feelslike": 25,
        "uv_index": 6,
        "visibility": 10,
        "is_day": "no"
    }
}