{
    "request": {
        "type": "LatLon",
        "query": "Lat -5.42 and Lon 20.00",
        "language": "en",
        "unit": "m"
    },
    "location": {
        "name": "Ngula-Ndambi",
        "country": "Democratic Republic of Congo",
        "region": "Equateur",
        "lat": "-5.383",
        "lon": "20.000",
        "timezone_id": "Africa/Kinshasa",
        "localtime": "2022-08-16 19:58",
        "localtime_epoch": 1660679880,
        "utc_offset": "1.0"
    },
    "current": {
        "observation_time": "06:58 PM",
        "temperature": 30,
        "weather_code": 113,
        "weather_icons": [
            "https://assets.weatherstack.com/images/wsymbols01_png_64/wsymbol_0001_sunny.png"
        ],
        "weather_descriptions": [
            "Sunny"
        ],
        "wind_speed": 4,
        "wind_degree": 308,
        "wind_dir": "NW",
        "pressure": 1007,
        "precip": 0,
        "humidity": 26,
        "cloudcover": 6,
        "feelslike": 29,
        "uv_index": 8,
        "visibility": 10,
        "is_day": "no"
    }
}