{
    "request": {
        "type": "LatLon",
        "query": "Lat -6.14 and Lon 20.00",
        "language": "en",
        "unit": "m"
    },
    "location": {
        "name": "Shakafulu",
        "country": "Democratic Republic of Congo",
        "region": "Equateur",
        "lat": "-6.117",
        "lon": "20.000",
        "timezone_id": "Africa/Lubumbashi",
        "localtime": "2022-08-16 20:58",
        "localtime_epoch": 1660683480,
        "utc_offset": "2.0"
    },
    "current": {
        "observation_time": "06:58 PM",
        "temperature": 27,
        "weather_code": 113,
        "weather_icons": [
            "https://assets.weatherstack.com/images/wsymbols01_png_64/wsymbol_0008_clear_sky_night.png"
        ],
        "weather_descriptions": [
            "Clear"
        ],
        "wind_speed": 4,
        "wind_degree": 286,
        "wind_dir": "WNW",
        "pressure": 1009,
        "precip": 0,
        "humidity": 29,
        "cloudcover": 5,
        "feelslike": 26,
        "uv_index": 1,
        "visibility": 10,
        "is_day": "no"
    }
}