{
    "request": {
        "type": "LatLon",
        "query": "Lat 35.78 and Lon 20.00",
        "language": "en",
        "unit": "m"
    },
    "location": {
        "name": "Moni Strofadon",
        "country": "Greece",
        "region": "Ionian Islands",
        "lat": "37.250",
        "lon": "21.014",
        "timezone_id": "Europe/Malta",
        "localtime": "2022-08-16 20:58",
        "localtime_epoch": 1660683480,
        "utc_offset": "2.0"
    },
    "current": {
        "observation_time": "06:58 PM",
        "temperature": 27,
        "weather_code": 113,
        "weather_icons": [
            "https://assets.weatherstack.com/images/wsymbols01_png_64/wsymbol_0001_sunny.png"
        ],
        "weather_descriptions": [
            "Sunny"
        ],
        "wind_speed": 23,
        "wind_degree": 318,
        "wind_dir": "NW",
        "pressure": 1012,
        "precip": 0,
        "humidity": 74,
        "cloudcover": 4,
        "feelslike": 29,
        "uv_index": 7,
        "visibility": 10,
        "is_day": "no"
    }
}