{
    "request": {
        "type": "LatLon",
        "query": "Lat 48.80 and Lon 20.00",
        "language": "en",
        "unit": "m"
    },
    "location": {
        "name": "Nova Masa",
        "country": "Slovakia",
        "region": "Banska Bystrica",
        "lat": "48.833",
        "lon": "20.050",
        "timezone_id": "Europe/Bratislava",
        "localtime": "2022-08-16 20:58",
        "localtime_epoch": 1660683480,
        "utc_offset": "2.0"
    },
    "current": {
        "observation_time": "06:58 PM",
        "temperature": 13,
        "weather_code": 113,
        "weather_icons": [
            "https://assets.weatherstack.com/images/wsymbols01_png_64/wsymbol_0001_sunny.png"
        ],
        "weather_descriptions": [
            "Sunny"
        ],
        "wind_speed": 5,
        "wind_degree": 34,
        "wind_dir": "NE",
        "pressure": 1012,
        "precip": 0,
        "humidity": 89,
        "cloudcover": 18,
        "feelslike": 13,
        "uv_index": 4,
        "visibility": 10,
        "is_day": "no"
    }
}