{
    "request": {
        "type": "LatLon",
        "query": "Lat -18.43 and Lon 20.00",
        "language": "en",
        "unit": "m"
    },
    "location": {
        "name": "Makadena",
        "country": "Namibia",
        "region": "Okavango",
        "lat": "-18.350",
        "lon": "19.867",
        "timezone_id": "Africa/Windhoek",
        "localtime": "2022-08-16 20:59",
        "localtime_epoch": 1660683540,
        "utc_offset": "2.0"
    },
    "current": {
        "observation_time": "06:59 PM",
        "temperature": 22,
        "weather_code": 113,
        "weather_icons": [
            "https://assets.weatherstack.com/images/wsymbols01_png_64/wsymbol_0008_clear_sky_night.png"
        ],
        "weather_descriptions": [
            "Clear"
        ],
        "wind_speed": 9,
        "wind_degree": 125,
        "wind_dir": "SE",
        "pressure": 1015,
        "precip": 0,
        "humidity": 9,
        "cloudcover": 0,
        "feelslike": 22,
        "uv_index": 1,
        "visibility": 10,
        "is_day": "no"
    }
}