{
    "request": {
        "type": "LatLon",
        "query": "Lat 69.76 and Lon 20.00",
        "language": "en",
        "unit": "m"
    },
    "location": {
        "name": "Veidarnes",
        "country": "Norway",
        "region": "Troms",
        "lat": "69.800",
        "lon": "20.017",
        "timezone_id": "Europe/Oslo",
        "localtime": "2022-08-16 20:57",
        "localtime_epoch": 1660683420,
        "utc_offset": "2.0"
    },
    "current": {
        "observation_time": "06:57 PM",
        "temperature": 9,
        "weather_code": 143,
        "weather_icons": [
            "https://assets.weatherstack.com/images/wsymbols01_png_64/wsymbol_0006_mist.png"
        ],
        "weather_descriptions": [
            "Mist"
        ],
        "wind_speed": 4,
        "wind_degree": 340,
        "wind_dir": "NNW",
        "pressure": 1010,
        "precip": 0,
        "humidity": 96,
        "cloudcover": 84,
        "feelslike": 9,
        "uv_index": 2,
        "visibility": 2,
        "is_day": "yes"
    }
}