{
    "request": {
        "type": "LatLon",
        "query": "Lat 71.93 and Lon 20.00",
        "language": "en",
        "unit": "m"
    },
    "location": {
        "name": "Sorvaer",
        "country": "Norway",
        "region": "Finnmark",
        "lat": "70.633",
        "lon": "21.983",
        "timezone_id": "Europe/Oslo",
        "localtime": "2022-08-16 20:57",
        "localtime_epoch": 1660683420,
        "utc_offset": "2.0"
    },
    "current": {
        "observation_time": "06:57 PM",
        "temperature": 13,
        "weather_code": 353,
        "weather_icons": [
            "https://assets.weatherstack.com/images/wsymbols01_png_64/wsymbol_0009_light_rain_showers.png"
        ],
        "weather_descriptions": [
            "Light rain shower"
        ],
        "wind_speed": 17,
        "wind_degree": 358,
        "wind_dir": "N",
        "pressure": 1007,
        "precip": 0.4,
        "humidity": 90,
        "cloudcover": 50,
        "feelslike": 12,
        "uv_index": 3,
        "visibility": 10,
        "is_day": "yes"
    }
}