{
    "request": {
        "type": "LatLon",
        "query": "Lat 62.53 and Lon 20.00",
        "language": "en",
        "unit": "m"
    },
    "location": {
        "name": "Blacksnas",
        "country": "Finland",
        "region": "Western Finland",
        "lat": "62.667",
        "lon": "21.100",
        "timezone_id": "Europe/Helsinki",
        "localtime": "2022-08-16 21:58",
        "localtime_epoch": 1660687080,
        "utc_offset": "3.0"
    },
    "current": {
        "observation_time": "06:58 PM",
        "temperature": 20,
        "weather_code": 113,
        "weather_icons": [
            "https://assets.weatherstack.com/images/wsymbols01_png_64/wsymbol_0001_sunny.png"
        ],
        "weather_descriptions": [
            "Sunny"
        ],
        "wind_speed": 24,
        "wind_degree": 173,
        "wind_dir": "S",
        "pressure": 1013,
        "precip": 0,
        "humidity": 82,
        "cloudcover": 17,
        "feelslike": 20,
        "uv_index": 5,
        "visibility": 10,
        "is_day": "no"
    }
}