{
    "request": {
        "type": "LatLon",
        "query": "Lat 1.08 and Lon 20.00",
        "language": "en",
        "unit": "m"
    },
    "location": {
        "name": "Deke",
        "country": "Democratic Republic of Congo",
        "region": "Orientale",
        "lat": "1.033",
        "lon": "20.067",
        "timezone_id": "Africa/Kinshasa",
        "localtime": "2022-08-16 19:58",
        "localtime_epoch": 1660679880,
        "utc_offset": "1.0"
    },
    "current": {
        "observation_time": "06:58 PM",
        "temperature": 25,
        "weather_code": 176,
        "weather_icons": [
            "https://assets.weatherstack.com/images/wsymbols01_png_64/wsymbol_0025_light_rain_showers_night.png"
        ],
        "weather_descriptions": [
            "Patchy rain possible"
        ],
        "wind_speed": 10,
        "wind_degree": 102,
        "wind_dir": "ESE",
        "pressure": 1010,
        "precip": 0.1,
        "humidity": 69,
        "cloudcover": 87,
        "feelslike": 27,
        "uv_index": 1,
        "visibility": 10,
        "is_day": "no"
    }
}