{
    "request": {
        "type": "LatLon",
        "query": "Lat 78.43 and Lon 20.00",
        "language": "en",
        "unit": "m"
    },
    "location": {
        "name": "Longyearbyen (Svalbard)",
        "country": "Norway",
        "region": "Sogn og Fjordane",
        "lat": "78.000",
        "lon": "16.000",
        "timezone_id": "Arctic/Longyearbyen",
        "localtime": "2022-08-16 20:57",
        "localtime_epoch": 1660683420,
        "utc_offset": "2.0"
    },
    "current": {
        "observation_time": "06:57 PM",
        "temperature": 4,
        "weather_code": 122,
        "weather_icons": [
            "https://assets.weatherstack.com/images/wsymbols01_png_64/wsymbol_0004_black_low_cloud.png"
        ],
        "weather_descriptions": [
            "Overcast"
        ],
        "wind_speed": 23,
        "wind_degree": 60,
        "wind_dir": "ENE",
        "pressure": 1011,
        "precip": 0,
        "humidity": 87,
        "cloudcover": 93,
        "feelslike": -1,
        "uv_index": 1,
        "visibility": 10,
        "is_day": "no"
    }
}