{
    "request": {
        "type": "LatLon",
        "query": "Lat 58.92 and Lon 20.00",
        "language": "en",
        "unit": "m"
    },
    "location": {
        "name": "Trovill",
        "country": "Sweden",
        "region": "Stockholms Lan",
        "lat": "59.267",
        "lon": "18.933",
        "timezone_id": "Europe/Stockholm",
        "localtime": "2022-08-16 20:58",
        "localtime_epoch": 1660683480,
        "utc_offset": "2.0"
    },
    "current": {
        "observation_time": "06:58 PM",
        "temperature": 20,
        "weather_code": 176,
        "weather_icons": [
            "https://assets.weatherstack.com/images/wsymbols01_png_64/wsymbol_0009_light_rain_showers.png"
        ],
        "weather_descriptions": [
            "Patchy rain possible"
        ],
        "wind_speed": 18,
        "wind_degree": 167,
        "wind_dir": "SSE",
        "pressure": 1012,
        "precip": 1.2,
        "humidity": 86,
        "cloudcover": 84,
        "feelslike": 20,
        "uv_index": 5,
        "visibility": 9,
        "is_day": "no"
    }
}