{
    "request": {
        "type": "LatLon",
        "query": "Lat 54.58 and Lon 20.00",
        "language": "en",
        "unit": "m"
    },
    "location": {
        "name": "Kahlholz",
        "country": "Russia",
        "region": "Kaliningrad",
        "lat": "54.573",
        "lon": "19.989",
        "timezone_id": "Europe/Kaliningrad",
        "localtime": "2022-08-16 20:58",
        "localtime_epoch": 1660683480,
        "utc_offset": "2.0"
    },
    "current": {
        "observation_time": "06:58 PM",
        "temperature": 26,
        "weather_code": 113,
        "weather_icons": [
            "https://assets.weatherstack.com/images/wsymbols01_png_64/wsymbol_0001_sunny.png"
        ],
        "weather_descriptions": [
            "Sunny"
        ],
        "wind_speed": 14,
        "wind_degree": 137,
        "wind_dir": "SE",
        "pressure": 1010,
        "precip": 0,
        "humidity": 48,
        "cloudcover": 22,
        "feelslike": 26,
        "uv_index": 7,
        "visibility": 10,
        "is_day": "no"
    }
}