{
    "request": {
        "type": "LatLon",
        "query": "Lat 48.07 and Lon 20.00",
        "language": "en",
        "unit": "m"
    },
    "location": {
        "name": "Matracserpuszta",
        "country": "Hungary",
        "region": "Nograd",
        "lat": "48.067",
        "lon": "20.000",
        "timezone_id": "Europe/Budapest",
        "localtime": "2022-08-16 20:58",
        "localtime_epoch": 1660683480,
        "utc_offset": "2.0"
    },
    "current": {
        "observation_time": "06:58 PM",
        "temperature": 20,
        "weather_code": 113,
        "weather_icons": [
            "https://assets.weatherstack.com/images/wsymbols01_png_64/wsymbol_0001_sunny.png"
        ],
        "weather_descriptions": [
            "Sunny"
        ],
        "wind_speed": 13,
        "wind_degree": 5,
        "wind_dir": "N",
        "pressure": 1010,
        "precip": 0,
        "humidity": 74,
        "cloudcover": 16,
        "feelslike": 20,
        "uv_index": 5,
        "visibility": 10,
        "is_day": "no"
    }
}