{
    "request": {
        "type": "LatLon",
        "query": "Lat 53.13 and Lon 20.00",
        "language": "en",
        "unit": "m"
    },
    "location": {
        "name": "Gosciszka",
        "country": "Poland",
        "region": "",
        "lat": "53.117",
        "lon": "20.017",
        "timezone_id": "Europe/Warsaw",
        "localtime": "2022-08-16 20:58",
        "localtime_epoch": 1660683480,
        "utc_offset": "2.0"
    },
    "current": {
        "observation_time": "06:58 PM",
        "temperature": 24,
        "weather_code": 113,
        "weather_icons": [
            "https://assets.weatherstack.com/images/wsymbols01_png_64/wsymbol_0001_sunny.png"
        ],
        "weather_descriptions": [
            "Sunny"
        ],
        "wind_speed": 12,
        "wind_degree": 107,
        "wind_dir": "ESE",
        "pressure": 1011,
        "precip": 0,
        "humidity": 61,
        "cloudcover": 24,
        "feelslike": 25,
        "uv_index": 6,
        "visibility": 10,
        "is_day": "no"
    }
}