{
    "request": {
        "type": "LatLon",
        "query": "Lat 47.35 and Lon 20.00",
        "language": "en",
        "unit": "m"
    },
    "location": {
        "name": "Jaszboldoghaza",
        "country": "Hungary",
        "region": "Jasz-Nagykun-Szolnok",
        "lat": "47.367",
        "lon": "20.000",
        "timezone_id": "Europe/Budapest",
        "localtime": "2022-08-16 20:58",
        "localtime_epoch": 1660683480,
        "utc_offset": "2.0"
    },
    "current": {
        "observation_time": "06:58 PM",
        "temperature": 27,
        "weather_code": 116,
        "weather_icons": [
            "https://assets.weatherstack.com/images/wsymbols01_png_64/wsymbol_0004_black_low_cloud.png"
        ],
        "weather_descriptions": [
            "Partly cloudy"
        ],
        "wind_speed": 11,
        "wind_degree": 350,
        "wind_dir": "N",
        "pressure": 1008,
        "precip": 0,
        "humidity": 51,
        "cloudcover": 75,
        "feelslike": 28,
        "uv_index": 7,
        "visibility": 10,
        "is_day": "no"
    }
}