{
    "request": {
        "type": "LatLon",
        "query": "Lat 4.70 and Lon 20.00",
        "language": "en",
        "unit": "m"
    },
    "location": {
        "name": "Dokamba",
        "country": "Democratic Republic of Congo",
        "region": "Equateur",
        "lat": "4.750",
        "lon": "20.000",
        "timezone_id": "Africa/Kinshasa",
        "localtime": "2022-08-16 19:58",
        "localtime_epoch": 1660679880,
        "utc_offset": "1.0"
    },
    "current": {
        "observation_time": "06:58 PM",
        "temperature": 22,
        "weather_code": 176,
        "weather_icons": [
            "https://assets.weatherstack.com/images/wsymbols01_png_64/wsymbol_0025_light_rain_showers_night.png"
        ],
        "weather_descriptions": [
            "Patchy rain possible"
        ],
        "wind_speed": 4,
        "wind_degree": 55,
        "wind_dir": "NE",
        "pressure": 1012,
        "precip": 0.2,
        "humidity": 93,
        "cloudcover": 87,
        "feelslike": 22,
        "uv_index": 1,
        "visibility": 9,
        "is_day": "no"
    }
}