{
    "request": {
        "type": "LatLon",
        "query": "Lat 30.00 and Lon 20.00",
        "language": "en",
        "unit": "m"
    },
    "location": {
        "name": "Al Burayqah",
        "country": "Libya",
        "region": "Ajdabiya",
        "lat": "30.417",
        "lon": "19.579",
        "timezone_id": "Africa/Tripoli",
        "localtime": "2022-08-16 20:58",
        "localtime_epoch": 1660683480,
        "utc_offset": "2.0"
    },
    "current": {
        "observation_time": "06:58 PM",
        "temperature": 28,
        "weather_code": 113,
        "weather_icons": [
            "https://assets.weatherstack.com/images/wsymbols01_png_64/wsymbol_0001_sunny.png"
        ],
        "weather_descriptions": [
            "Sunny"
        ],
        "wind_speed": 29,
        "wind_degree": 324,
        "wind_dir": "NW",
        "pressure": 1012,
        "precip": 0,
        "humidity": 60,
        "cloudcover": 0,
        "feelslike": 30,
        "uv_index": 7,
        "visibility": 10,
        "is_day": "no"
    }
}