{
    "request": {
        "type": "LatLon",
        "query": "Lat 32.17 and Lon 20.00",
        "language": "en",
        "unit": "m"
    },
    "location": {
        "name": "Es-Sabri",
        "country": "Libya",
        "region": "Banghazi",
        "lat": "32.133",
        "lon": "20.067",
        "timezone_id": "Africa/Tripoli",
        "localtime": "2022-08-16 20:58",
        "localtime_epoch": 1660683480,
        "utc_offset": "2.0"
    },
    "current": {
        "observation_time": "06:58 PM",
        "temperature": 29,
        "weather_code": 113,
        "weather_icons": [
            "https://assets.weatherstack.com/images/wsymbols01_png_64/wsymbol_0001_sunny.png"
        ],
        "weather_descriptions": [
            "Sunny"
        ],
        "wind_speed": 25,
        "wind_degree": 13,
        "wind_dir": "NNE",
        "pressure": 1014,
        "precip": 0,
        "humidity": 46,
        "cloudcover": 3,
        "feelslike": 30,
        "uv_index": 7,
        "visibility": 10,
        "is_day": "no"
    }
}