{
    "request": {
        "type": "LatLon",
        "query": "Lat 16.99 and Lon 20.00",
        "language": "en",
        "unit": "m"
    },
    "location": {
        "name": "Faya-Largeau",
        "country": "Chad",
        "region": "Borkou-Ennedi-Tibesti",
        "lat": "17.917",
        "lon": "19.117",
        "timezone_id": "Africa/Ndjamena",
        "localtime": "2022-08-16 19:58",
        "localtime_epoch": 1660679880,
        "utc_offset": "1.0"
    },
    "current": {
        "observation_time": "06:58 PM",
        "temperature": 38,
        "weather_code": 113,
        "weather_icons": [
            "https://assets.weatherstack.com/images/wsymbols01_png_64/wsymbol_0001_sunny.png"
        ],
        "weather_descriptions": [
            "Sunny"
        ],
        "wind_speed": 10,
        "wind_degree": 168,
        "wind_dir": "SSE",
        "pressure": 1006,
        "precip": 0,
        "humidity": 13,
        "cloudcover": 7,
        "feelslike": 38,
        "uv_index": 9,
        "visibility": 10,
        "is_day": "no"
    }
}