{
    "request": {
        "type": "LatLon",
        "query": "Lat 41.57 and Lon 20.00",
        "language": "en",
        "unit": "m"
    },
    "location": {
        "name": "Bater E Madhe",
        "country": "Albania",
        "region": "Diber",
        "lat": "41.575",
        "lon": "19.989",
        "timezone_id": "Europe/Tirane",
        "localtime": "2022-08-16 20:58",
        "localtime_epoch": 1660683480,
        "utc_offset": "2.0"
    },
    "current": {
        "observation_time": "06:58 PM",
        "temperature": 25,
        "weather_code": 113,
        "weather_icons": [
            "https://assets.weatherstack.com/images/wsymbols01_png_64/wsymbol_0008_clear_sky_night.png"
        ],
        "weather_descriptions": [
            "Clear"
        ],
        "wind_speed": 4,
        "wind_degree": 177,
        "wind_dir": "S",
        "pressure": 1013,
        "precip": 0,
        "humidity": 61,
        "cloudcover": 0,
        "feelslike": 26,
        "uv_index": 6,
        "visibility": 10,
        "is_day": "no"
    }
}