{
    "request": {
        "type": "LatLon",
        "query": "Lat -7.59 and Lon 20.00",
        "language": "en",
        "unit": "m"
    },
    "location": {
        "name": "Cambacumba",
        "country": "Angola",
        "region": "Lunda Norte",
        "lat": "-7.567",
        "lon": "20.033",
        "timezone_id": "Africa/Luanda",
        "localtime": "2022-08-16 19:58",
        "localtime_epoch": 1660679880,
        "utc_offset": "1.0"
    },
    "current": {
        "observation_time": "06:58 PM",
        "temperature": 28,
        "weather_code": 113,
        "weather_icons": [
            "https://assets.weatherstack.com/images/wsymbols01_png_64/wsymbol_0008_clear_sky_night.png"
        ],
        "weather_descriptions": [
            "Clear"
        ],
        "wind_speed": 5,
        "wind_degree": 339,
        "wind_dir": "NNW",
        "pressure": 1008,
        "precip": 0,
        "humidity": 24,
        "cloudcover": 4,
        "feelslike": 27,
        "uv_index": 1,
        "visibility": 10,
        "is_day": "no"
    }
}