{
    "request": {
        "type": "LatLon",
        "query": "Lat 64.70 and Lon 20.00",
        "language": "en",
        "unit": "m"
    },
    "location": {
        "name": "Melsliden",
        "country": "Sweden",
        "region": "Vasterbottens Lan",
        "lat": "64.683",
        "lon": "20.017",
        "timezone_id": "Europe/Stockholm",
        "localtime": "2022-08-16 20:57",
        "localtime_epoch": 1660683420,
        "utc_offset": "2.0"
    },
    "current": {
        "observation_time": "06:57 PM",
        "temperature": 22,
        "weather_code": 113,
        "weather_icons": [
            "https://assets.weatherstack.com/images/wsymbols01_png_64/wsymbol_0001_sunny.png"
        ],
        "weather_descriptions": [
            "Sunny"
        ],
        "wind_speed": 17,
        "wind_degree": 174,
        "wind_dir": "S",
        "pressure": 1011,
        "precip": 0,
        "humidity": 74,
        "cloudcover": 16,
        "feelslike": 22,
        "uv_index": 6,
        "visibility": 10,
        "is_day": "yes"
    }
}