{
    "request": {
        "type": "LatLon",
        "query": "Lat 43.01 and Lon 20.00",
        "language": "en",
        "unit": "m"
    },
    "location": {
        "name": "Dragutinovici",
        "country": "Montenegro",
        "region": "",
        "lat": "43.013",
        "lon": "20.003",
        "timezone_id": "Europe/Podgorica",
        "localtime": "2022-08-16 20:58",
        "localtime_epoch": 1660683480,
        "utc_offset": "2.0"
    },
    "current": {
        "observation_time": "06:58 PM",
        "temperature": 15,
        "weather_code": 176,
        "weather_icons": [
            "https://assets.weatherstack.com/images/wsymbols01_png_64/wsymbol_0009_light_rain_showers.png"
        ],
        "weather_descriptions": [
            "Patchy rain possible"
        ],
        "wind_speed": 6,
        "wind_degree": 355,
        "wind_dir": "N",
        "pressure": 1015,
        "precip": 0.7,
        "humidity": 82,
        "cloudcover": 71,
        "feelslike": 15,
        "uv_index": 4,
        "visibility": 9,
        "is_day": "no"
    }
}