{
    "request": {
        "type": "LatLon",
        "query": "Lat 76.27 and Lon 20.00",
        "language": "en",
        "unit": "m"
    },
    "location": {
        "name": null,
        "country": null,
        "region": null,
        "lat": null,
        "lon": null,
        "timezone_id": "Arctic/Longyearbyen",
        "localtime": "2022-08-16 20:57",
        "localtime_epoch": 1660683420,
        "utc_offset": "2.0"
    },
    "current": {
        "observation_time": "06:57 PM",
        "temperature": 5,
        "weather_code": 308,
        "weather_icons": [
            "https://assets.weatherstack.com/images/wsymbols01_png_64/wsymbol_0034_cloudy_with_heavy_rain_night.png"
        ],
        "weather_descriptions": [
            "Heavy rain"
        ],
        "wind_speed": 51,
        "wind_degree": 67,
        "wind_dir": "ENE",
        "pressure": 1007,
        "precip": 13.5,
        "humidity": 94,
        "cloudcover": 100,
        "feelslike": -1,
        "uv_index": 1,
        "visibility": 5,
        "is_day": "no"
    }
}