{
    "request": {
        "type": "LatLon",
        "query": "Lat 45.90 and Lon 20.00",
        "language": "en",
        "unit": "m"
    },
    "location": {
        "name": "Gornji Breg",
        "country": "Serbia",
        "region": "Serbia (general)",
        "lat": "45.920",
        "lon": "20.018",
        "timezone_id": "Europe/Belgrade",
        "localtime": "2022-08-16 20:58",
        "localtime_epoch": 1660683480,
        "utc_offset": "2.0"
    },
    "current": {
        "observation_time": "06:58 PM",
        "temperature": 28,
        "weather_code": 176,
        "weather_icons": [
            "https://assets.weatherstack.com/images/wsymbols01_png_64/wsymbol_0009_light_rain_showers.png"
        ],
        "weather_descriptions": [
            "Patchy rain possible"
        ],
        "wind_speed": 8,
        "wind_degree": 210,
        "wind_dir": "SSW",
        "pressure": 1008,
        "precip": 0.2,
        "humidity": 31,
        "cloudcover": 74,
        "feelslike": 27,
        "uv_index": 6,
        "visibility": 9,
        "is_day": "no"
    }
}