{
    "request": {
        "type": "LatLon",
        "query": "Lat 63.98 and Lon 20.00",
        "language": "en",
        "unit": "m"
    },
    "location": {
        "name": "Storhaggsjo",
        "country": "Sweden",
        "region": "Vasterbottens Lan",
        "lat": "63.967",
        "lon": "19.983",
        "timezone_id": "Europe/Stockholm",
        "localtime": "2022-08-16 20:58",
        "localtime_epoch": 1660683480,
        "utc_offset": "2.0"
    },
    "current": {
        "observation_time": "06:58 PM",
        "temperature": 21,
        "weather_code": 113,
        "weather_icons": [
            "https://assets.weatherstack.com/images/wsymbols01_png_64/wsymbol_0008_clear_sky_night.png"
        ],
        "weather_descriptions": [
            "Clear"
        ],
        "wind_speed": 11,
        "wind_degree": 130,
        "wind_dir": "SE",
        "pressure": 1012,
        "precip": 0,
        "humidity": 88,
        "cloudcover": 0,
        "feelslike": 21,
        "uv_index": 6,
        "visibility": 10,
        "is_day": "no"
    }
}