{
    "request": {
        "type": "LatLon",
        "query": "Lat 49.52 and Lon 20.00",
        "language": "en",
        "unit": "m"
    },
    "location": {
        "name": "Klikuszowa",
        "country": "Poland",
        "region": "",
        "lat": "49.517",
        "lon": "19.983",
        "timezone_id": "Europe/Warsaw",
        "localtime": "2022-08-16 20:58",
        "localtime_epoch": 1660683480,
        "utc_offset": "2.0"
    },
    "current": {
        "observation_time": "06:58 PM",
        "temperature": 16,
        "weather_code": 356,
        "weather_icons": [
            "https://assets.weatherstack.com/images/wsymbols01_png_64/wsymbol_0010_heavy_rain_showers.png"
        ],
        "weather_descriptions": [
            "Moderate or heavy rain shower"
        ],
        "wind_speed": 4,
        "wind_degree": 215,
        "wind_dir": "SW",
        "pressure": 1013,
        "precip": 4,
        "humidity": 92,
        "cloudcover": 77,
        "feelslike": 16,
        "uv_index": 4,
        "visibility": 7,
        "is_day": "no"
    }
}