{
    "request": {
        "type": "LatLon",
        "query": "Lat 50.96 and Lon 20.00",
        "language": "en",
        "unit": "m"
    },
    "location": {
        "name": "Nowiny",
        "country": "Poland",
        "region": "",
        "lat": "50.950",
        "lon": "19.983",
        "timezone_id": "Europe/Warsaw",
        "localtime": "2022-08-16 20:58",
        "localtime_epoch": 1660683480,
        "utc_offset": "2.0"
    },
    "current": {
        "observation_time": "06:58 PM",
        "temperature": 21,
        "weather_code": 176,
        "weather_icons": [
            "https://assets.weatherstack.com/images/wsymbols01_png_64/wsymbol_0009_light_rain_showers.png"
        ],
        "weather_descriptions": [
            "Patchy rain possible"
        ],
        "wind_speed": 8,
        "wind_degree": 124,
        "wind_dir": "ESE",
        "pressure": 1010,
        "precip": 0.7,
        "humidity": 77,
        "cloudcover": 79,
        "feelslike": 21,
        "uv_index": 5,
        "visibility": 9,
        "is_day": "no"
    }
}