{
    "request": {
        "type": "LatLon",
        "query": "Lat 68.31 and Lon 20.00",
        "language": "en",
        "unit": "m"
    },
    "location": {
        "name": "Matalajarvi",
        "country": "Sweden",
        "region": "Norrbottens Lan",
        "lat": "68.317",
        "lon": "19.933",
        "timezone_id": "Europe/Stockholm",
        "localtime": "2022-08-16 20:57",
        "localtime_epoch": 1660683420,
        "utc_offset": "2.0"
    },
    "current": {
        "observation_time": "06:57 PM",
        "temperature": 13,
        "weather_code": 353,
        "weather_icons": [
            "https://assets.weatherstack.com/images/wsymbols01_png_64/wsymbol_0009_light_rain_showers.png"
        ],
        "weather_descriptions": [
            "Light rain shower"
        ],
        "wind_speed": 16,
        "wind_degree": 161,
        "wind_dir": "SSE",
        "pressure": 1009,
        "precip": 0.8,
        "humidity": 88,
        "cloudcover": 86,
        "feelslike": 12,
        "uv_index": 3,
        "visibility": 10,
        "is_day": "yes"
    }
}