{
    "request": {
        "type": "LatLon",
        "query": "Lat 60.36 and Lon 20.00",
        "language": "en",
        "unit": "m"
    },
    "location": {
        "name": "Pettbole",
        "country": "Finland",
        "region": "Aland",
        "lat": "60.356",
        "lon": "19.983",
        "timezone_id": "Europe/Mariehamn",
        "localtime": "2022-08-16 21:58",
        "localtime_epoch": 1660687080,
        "utc_offset": "3.0"
    },
    "current": {
        "observation_time": "06:58 PM",
        "temperature": 23,
        "weather_code": 113,
        "weather_icons": [
            "https://assets.weatherstack.com/images/wsymbols01_png_64/wsymbol_0008_clear_sky_night.png"
        ],
        "weather_descriptions": [
            "Clear"
        ],
        "wind_speed": 20,
        "wind_degree": 150,
        "wind_dir": "SSE",
        "pressure": 1012,
        "precip": 0.3,
        "humidity": 73,
        "cloudcover": 0,
        "feelslike": 25,
        "uv_index": 5,
        "visibility": 10,
        "is_day": "no"
    }
}