{
    "request": {
        "type": "LatLon",
        "query": "Lat -17.71 and Lon 20.00",
        "language": "en",
        "unit": "m"
    },
    "location": {
        "name": "M'pupa",
        "country": "Angola",
        "region": "Cuando Cubango",
        "lat": "-17.650",
        "lon": "20.017",
        "timezone_id": "Africa/Luanda",
        "localtime": "2022-08-16 19:59",
        "localtime_epoch": 1660679940,
        "utc_offset": "1.0"
    },
    "current": {
        "observation_time": "06:59 PM",
        "temperature": 24,
        "weather_code": 113,
        "weather_icons": [
            "https://assets.weatherstack.com/images/wsymbols01_png_64/wsymbol_0001_sunny.png"
        ],
        "weather_descriptions": [
            "Sunny"
        ],
        "wind_speed": 8,
        "wind_degree": 125,
        "wind_dir": "SE",
        "pressure": 1013,
        "precip": 0,
        "humidity": 8,
        "cloudcover": 0,
        "feelslike": 23,
        "uv_index": 6,
        "visibility": 10,
        "is_day": "no"
    }
}