{
    "request": {
        "type": "LatLon",
        "query": "Lat -1.81 and Lon 20.00",
        "language": "en",
        "unit": "m"
    },
    "location": {
        "name": "Bisenge",
        "country": "Democratic Republic of Congo",
        "region": "Sud-Kivu",
        "lat": "-1.967",
        "lon": "19.967",
        "timezone_id": "Africa/Kinshasa",
        "localtime": "2022-08-16 19:58",
        "localtime_epoch": 1660679880,
        "utc_offset": "1.0"
    },
    "current": {
        "observation_time": "06:58 PM",
        "temperature": 30,
        "weather_code": 116,
        "weather_icons": [
            "https://assets.weatherstack.com/images/wsymbols01_png_64/wsymbol_0004_black_low_cloud.png"
        ],
        "weather_descriptions": [
            "Partly cloudy"
        ],
        "wind_speed": 4,
        "wind_degree": 288,
        "wind_dir": "WNW",
        "pressure": 1008,
        "precip": 0,
        "humidity": 37,
        "cloudcover": 45,
        "feelslike": 30,
        "uv_index": 1,
        "visibility": 10,
        "is_day": "no"
    }
}