{
    "request": {
        "type": "LatLon",
        "query": "Lat 37.23 and Lon 20.00",
        "language": "en",
        "unit": "m"
    },
    "location": {
        "name": "Limnionas",
        "country": "Greece",
        "region": "Ionian Islands",
        "lat": "37.753",
        "lon": "20.696",
        "timezone_id": "Europe/Athens",
        "localtime": "2022-08-16 21:58",
        "localtime_epoch": 1660687080,
        "utc_offset": "3.0"
    },
    "current": {
        "observation_time": "06:58 PM",
        "temperature": 28,
        "weather_code": 113,
        "weather_icons": [
            "https://assets.weatherstack.com/images/wsymbols01_png_64/wsymbol_0001_sunny.png"
        ],
        "weather_descriptions": [
            "Sunny"
        ],
        "wind_speed": 5,
        "wind_degree": 269,
        "wind_dir": "W",
        "pressure": 1013,
        "precip": 0,
        "humidity": 84,
        "cloudcover": 6,
        "feelslike": 32,
        "uv_index": 7,
        "visibility": 10,
        "is_day": "no"
    }
}