{
    "request": {
        "type": "LatLon",
        "query": "Lat 14.10 and Lon 20.00",
        "language": "en",
        "unit": "m"
    },
    "location": {
        "name": "Am Chimele Dougoum",
        "country": "Chad",
        "region": "Ouaddai",
        "lat": "14.033",
        "lon": "20.033",
        "timezone_id": "Africa/Ndjamena",
        "localtime": "2022-08-16 19:58",
        "localtime_epoch": 1660679880,
        "utc_offset": "1.0"
    },
    "current": {
        "observation_time": "06:58 PM",
        "temperature": 26,
        "weather_code": 176,
        "weather_icons": [
            "https://assets.weatherstack.com/images/wsymbols01_png_64/wsymbol_0009_light_rain_showers.png"
        ],
        "weather_descriptions": [
            "Patchy rain possible"
        ],
        "wind_speed": 13,
        "wind_degree": 209,
        "wind_dir": "SSW",
        "pressure": 1010,
        "precip": 0.1,
        "humidity": 76,
        "cloudcover": 51,
        "feelslike": 28,
        "uv_index": 6,
        "visibility": 10,
        "is_day": "no"
    }
}