{
    "request": {
        "type": "LatLon",
        "query": "Lat -12.65 and Lon 20.00",
        "language": "en",
        "unit": "m"
    },
    "location": {
        "name": "Lutuia",
        "country": "Angola",
        "region": "Moxico",
        "lat": "-12.667",
        "lon": "20.133",
        "timezone_id": "Africa/Luanda",
        "localtime": "2022-08-16 19:58",
        "localtime_epoch": 1660679880,
        "utc_offset": "1.0"
    },
    "current": {
        "observation_time": "06:58 PM",
        "temperature": 23,
        "weather_code": 113,
        "weather_icons": [
            "https://assets.weatherstack.com/images/wsymbols01_png_64/wsymbol_0008_clear_sky_night.png"
        ],
        "weather_descriptions": [
            "Clear"
        ],
        "wind_speed": 7,
        "wind_degree": 92,
        "wind_dir": "E",
        "pressure": 1011,
        "precip": 0,
        "humidity": 17,
        "cloudcover": 0,
        "feelslike": 22,
        "uv_index": 1,
        "visibility": 10,
        "is_day": "no"
    }
}