{
    "request": {
        "type": "LatLon",
        "query": "Lat 52.41 and Lon 20.00",
        "language": "en",
        "unit": "m"
    },
    "location": {
        "name": "Zakrzewo",
        "country": "Poland",
        "region": "",
        "lat": "52.417",
        "lon": "20.000",
        "timezone_id": "Europe/Warsaw",
        "localtime": "2022-08-16 20:58",
        "localtime_epoch": 1660683480,
        "utc_offset": "2.0"
    },
    "current": {
        "observation_time": "06:58 PM",
        "temperature": 24,
        "weather_code": 113,
        "weather_icons": [
            "https://assets.weatherstack.com/images/wsymbols01_png_64/wsymbol_0001_sunny.png"
        ],
        "weather_descriptions": [
            "Sunny"
        ],
        "wind_speed": 8,
        "wind_degree": 134,
        "wind_dir": "SE",
        "pressure": 1010,
        "precip": 0,
        "humidity": 63,
        "cloudcover": 18,
        "feelslike": 26,
        "uv_index": 6,
        "visibility": 10,
        "is_day": "no"
    }
}