{
    "request": {
        "type": "LatLon",
        "query": "Lat 15.54 and Lon 20.00",
        "language": "en",
        "unit": "m"
    },
    "location": {
        "name": "Oum-Chalouba",
        "country": "Chad",
        "region": "Borkou-Ennedi-Tibesti",
        "lat": "15.800",
        "lon": "20.767",
        "timezone_id": "Africa/Ndjamena",
        "localtime": "2022-08-16 19:58",
        "localtime_epoch": 1660679880,
        "utc_offset": "1.0"
    },
    "current": {
        "observation_time": "06:58 PM",
        "temperature": 27,
        "weather_code": 116,
        "weather_icons": [
            "https://assets.weatherstack.com/images/wsymbols01_png_64/wsymbol_0004_black_low_cloud.png"
        ],
        "weather_descriptions": [
            "Partly cloudy"
        ],
        "wind_speed": 13,
        "wind_degree": 222,
        "wind_dir": "SW",
        "pressure": 1010,
        "precip": 0,
        "humidity": 71,
        "cloudcover": 56,
        "feelslike": 29,
        "uv_index": 1,
        "visibility": 10,
        "is_day": "no"
    }
}