{
    "request": {
        "type": "LatLon",
        "query": "Lat 38.67 and Lon 20.00",
        "language": "en",
        "unit": "m"
    },
    "location": {
        "name": "Ayios Nikolaos Niras",
        "country": "Greece",
        "region": "Ionian Islands",
        "lat": "38.592",
        "lon": "20.559",
        "timezone_id": "Europe/Athens",
        "localtime": "2022-08-16 21:58",
        "localtime_epoch": 1660687080,
        "utc_offset": "3.0"
    },
    "current": {
        "observation_time": "06:58 PM",
        "temperature": 26,
        "weather_code": 113,
        "weather_icons": [
            "https://assets.weatherstack.com/images/wsymbols01_png_64/wsymbol_0001_sunny.png"
        ],
        "weather_descriptions": [
            "Sunny"
        ],
        "wind_speed": 10,
        "wind_degree": 144,
        "wind_dir": "SE",
        "pressure": 1012,
        "precip": 0,
        "humidity": 82,
        "cloudcover": 8,
        "feelslike": 29,
        "uv_index": 7,
        "visibility": 10,
        "is_day": "no"
    }
}