{
    "request": {
        "type": "LatLon",
        "query": "Lat -73.37 and Lon 20.00",
        "language": "en",
        "unit": "m"
    },
    "location": {
        "name": null,
        "country": null,
        "region": null,
        "lat": null,
        "lon": null,
        "timezone_id": "Antarctica/Syowa",
        "localtime": "2022-08-16 21:59",
        "localtime_epoch": 1660687140,
        "utc_offset": "3.0"
    },
    "current": {
        "observation_time": "06:59 PM",
        "temperature": -23,
        "weather_code": 116,
        "weather_icons": [
            "https://assets.weatherstack.com/images/wsymbols01_png_64/wsymbol_0004_black_low_cloud.png"
        ],
        "weather_descriptions": [
            "Partly cloudy"
        ],
        "wind_speed": 30,
        "wind_degree": 121,
        "wind_dir": "ESE",
        "pressure": 1002,
        "precip": 0,
        "humidity": 60,
        "cloudcover": 46,
        "feelslike": -36,
        "uv_index": 1,
        "visibility": 10,
        "is_day": "no"
    }
}