{
    "request": {
        "type": "LatLon",
        "query": "Lat 81.33 and Lon 20.00",
        "language": "en",
        "unit": "m"
    },
    "location": {
        "name": null,
        "country": null,
        "region": null,
        "lat": null,
        "lon": null,
        "timezone_id": "Arctic/Longyearbyen",
        "localtime": "2022-08-16 20:57",
        "localtime_epoch": 1660683420,
        "utc_offset": "2.0"
    },
    "current": {
        "observation_time": "06:57 PM",
        "temperature": 5,
        "weather_code": 116,
        "weather_icons": [
            "https://assets.weatherstack.com/images/wsymbols01_png_64/wsymbol_0004_black_low_cloud.png"
        ],
        "weather_descriptions": [
            "Partly cloudy"
        ],
        "wind_speed": 28,
        "wind_degree": 109,
        "wind_dir": "ESE",
        "pressure": 1013,
        "precip": 0,
        "humidity": 80,
        "cloudcover": 37,
        "feelslike": 1,
        "uv_index": 1,
        "visibility": 10,
        "is_day": "no"
    }
}