{
    "request": {
        "type": "LatLon",
        "query": "Lat 9.04 and Lon 20.00",
        "language": "en",
        "unit": "m"
    },
    "location": {
        "name": "Miamere",
        "country": "Central African Republic",
        "region": "Bamingui-Bangoran",
        "lat": "8.867",
        "lon": "19.833",
        "timezone_id": "Africa/Bangui",
        "localtime": "2022-08-16 19:58",
        "localtime_epoch": 1660679880,
        "utc_offset": "1.0"
    },
    "current": {
        "observation_time": "06:58 PM",
        "temperature": 22,
        "weather_code": 143,
        "weather_icons": [
            "https://assets.weatherstack.com/images/wsymbols01_png_64/wsymbol_0006_mist.png"
        ],
        "weather_descriptions": [
            "Mist"
        ],
        "wind_speed": 5,
        "wind_degree": 265,
        "wind_dir": "W",
        "pressure": 1013,
        "precip": 0.1,
        "humidity": 97,
        "cloudcover": 64,
        "feelslike": 22,
        "uv_index": 1,
        "visibility": 2,
        "is_day": "no"
    }
}