{
    "request": {
        "type": "LatLon",
        "query": "Lat 67.59 and Lon 20.00",
        "language": "en",
        "unit": "m"
    },
    "location": {
        "name": "Kaitum",
        "country": "Sweden",
        "region": "Norrbottens Lan",
        "lat": "67.550",
        "lon": "20.117",
        "timezone_id": "Europe/Stockholm",
        "localtime": "2022-08-16 20:57",
        "localtime_epoch": 1660683420,
        "utc_offset": "2.0"
    },
    "current": {
        "observation_time": "06:57 PM",
        "temperature": 20,
        "weather_code": 116,
        "weather_icons": [
            "https://assets.weatherstack.com/images/wsymbols01_png_64/wsymbol_0002_sunny_intervals.png"
        ],
        "weather_descriptions": [
            "Partly cloudy"
        ],
        "wind_speed": 7,
        "wind_degree": 200,
        "wind_dir": "SSW",
        "pressure": 1010,
        "precip": 2,
        "humidity": 88,
        "cloudcover": 75,
        "feelslike": 20,
        "uv_index": 4,
        "visibility": 10,
        "is_day": "yes"
    }
}