{
    "request": {
        "type": "LatLon",
        "query": "Lat 56.75 and Lon 20.00",
        "language": "en",
        "unit": "m"
    },
    "location": {
        "name": "Myza Saraykas",
        "country": "Latvia",
        "region": "Liepajas",
        "lat": "56.700",
        "lon": "21.067",
        "timezone_id": "Europe/Riga",
        "localtime": "2022-08-16 21:58",
        "localtime_epoch": 1660687080,
        "utc_offset": "3.0"
    },
    "current": {
        "observation_time": "06:58 PM",
        "temperature": 23,
        "weather_code": 356,
        "weather_icons": [
            "https://assets.weatherstack.com/images/wsymbols01_png_64/wsymbol_0010_heavy_rain_showers.png"
        ],
        "weather_descriptions": [
            "Moderate or heavy rain shower"
        ],
        "wind_speed": 10,
        "wind_degree": 134,
        "wind_dir": "SE",
        "pressure": 1011,
        "precip": 2.9,
        "humidity": 78,
        "cloudcover": 81,
        "feelslike": 25,
        "uv_index": 5,
        "visibility": 7,
        "is_day": "no"
    }
}