{
    "request": {
        "type": "LatLon",
        "query": "Lat 37.95 and Lon 20.00",
        "language": "en",
        "unit": "m"
    },
    "location": {
        "name": "Kounopetra",
        "country": "Greece",
        "region": "Ionian Islands",
        "lat": "38.153",
        "lon": "20.383",
        "timezone_id": "Europe/Skopje",
        "localtime": "2022-08-16 20:58",
        "localtime_epoch": 1660683480,
        "utc_offset": "2.0"
    },
    "current": {
        "observation_time": "06:58 PM",
        "temperature": 27,
        "weather_code": 113,
        "weather_icons": [
            "https://assets.weatherstack.com/images/wsymbols01_png_64/wsymbol_0001_sunny.png"
        ],
        "weather_descriptions": [
            "Sunny"
        ],
        "wind_speed": 6,
        "wind_degree": 236,
        "wind_dir": "WSW",
        "pressure": 1012,
        "precip": 0,
        "humidity": 82,
        "cloudcover": 14,
        "feelslike": 31,
        "uv_index": 7,
        "visibility": 10,
        "is_day": "no"
    }
}