{
    "request": {
        "type": "LatLon",
        "query": "Lat 40.84 and Lon 20.00",
        "language": "en",
        "unit": "m"
    },
    "location": {
        "name": "Shpataj",
        "country": "Albania",
        "region": "Berat",
        "lat": "40.843",
        "lon": "19.997",
        "timezone_id": "Europe/Tirane",
        "localtime": "2022-08-16 20:58",
        "localtime_epoch": 1660683480,
        "utc_offset": "2.0"
    },
    "current": {
        "observation_time": "06:58 PM",
        "temperature": 27,
        "weather_code": 113,
        "weather_icons": [
            "https://assets.weatherstack.com/images/wsymbols01_png_64/wsymbol_0001_sunny.png"
        ],
        "weather_descriptions": [
            "Sunny"
        ],
        "wind_speed": 4,
        "wind_degree": 71,
        "wind_dir": "ENE",
        "pressure": 1012,
        "precip": 0,
        "humidity": 60,
        "cloudcover": 9,
        "feelslike": 28,
        "uv_index": 7,
        "visibility": 10,
        "is_day": "no"
    }
}