{
    "request": {
        "type": "LatLon",
        "query": "Lat -33.61 and Lon 20.00",
        "language": "en",
        "unit": "m"
    },
    "location": {
        "name": "Goedgemond",
        "country": "South Africa",
        "region": "Western Cape",
        "lat": "-33.700",
        "lon": "20.000",
        "timezone_id": "Africa/Johannesburg",
        "localtime": "2022-08-16 20:59",
        "localtime_epoch": 1660683540,
        "utc_offset": "2.0"
    },
    "current": {
        "observation_time": "06:59 PM",
        "temperature": 14,
        "weather_code": 113,
        "weather_icons": [
            "https://assets.weatherstack.com/images/wsymbols01_png_64/wsymbol_0008_clear_sky_night.png"
        ],
        "weather_descriptions": [
            "Clear"
        ],
        "wind_speed": 5,
        "wind_degree": 250,
        "wind_dir": "WSW",
        "pressure": 1012,
        "precip": 0,
        "humidity": 52,
        "cloudcover": 3,
        "feelslike": 14,
        "uv_index": 1,
        "visibility": 10,
        "is_day": "no"
    }
}