{
    "request": {
        "type": "LatLon",
        "query": "Lat 39.40 and Lon 20.00",
        "language": "en",
        "unit": "m"
    },
    "location": {
        "name": "Potamia",
        "country": "Greece",
        "region": "Ionian Islands",
        "lat": "39.413",
        "lon": "19.987",
        "timezone_id": "Europe/Athens",
        "localtime": "2022-08-16 21:58",
        "localtime_epoch": 1660687080,
        "utc_offset": "3.0"
    },
    "current": {
        "observation_time": "06:58 PM",
        "temperature": 27,
        "weather_code": 116,
        "weather_icons": [
            "https://assets.weatherstack.com/images/wsymbols01_png_64/wsymbol_0004_black_low_cloud.png"
        ],
        "weather_descriptions": [
            "Partly cloudy"
        ],
        "wind_speed": 4,
        "wind_degree": 143,
        "wind_dir": "SE",
        "pressure": 1011,
        "precip": 0,
        "humidity": 74,
        "cloudcover": 25,
        "feelslike": 30,
        "uv_index": 7,
        "visibility": 10,
        "is_day": "no"
    }
}