{
    "request": {
        "type": "LatLon",
        "query": "Lat 61.81 and Lon 20.00",
        "language": "en",
        "unit": "m"
    },
    "location": {
        "name": "Niemi",
        "country": "Finland",
        "region": "Western Finland",
        "lat": "61.400",
        "lon": "21.067",
        "timezone_id": "Europe/Helsinki",
        "localtime": "2022-08-16 21:58",
        "localtime_epoch": 1660687080,
        "utc_offset": "3.0"
    },
    "current": {
        "observation_time": "06:58 PM",
        "temperature": 19,
        "weather_code": 176,
        "weather_icons": [
            "https://assets.weatherstack.com/images/wsymbols01_png_64/wsymbol_0009_light_rain_showers.png"
        ],
        "weather_descriptions": [
            "Patchy rain possible"
        ],
        "wind_speed": 11,
        "wind_degree": 158,
        "wind_dir": "SSE",
        "pressure": 1014,
        "precip": 1.2,
        "humidity": 85,
        "cloudcover": 76,
        "feelslike": 19,
        "uv_index": 4,
        "visibility": 9,
        "is_day": "no"
    }
}