{
    "request": {
        "type": "LatLon",
        "query": "Lat 71.20 and Lon 20.00",
        "language": "en",
        "unit": "m"
    },
    "location": {
        "name": "Sorvaer",
        "country": "Norway",
        "region": "Finnmark",
        "lat": "70.633",
        "lon": "21.983",
        "timezone_id": "Europe/Oslo",
        "localtime": "2022-08-16 20:57",
        "localtime_epoch": 1660683420,
        "utc_offset": "2.0"
    },
    "current": {
        "observation_time": "06:57 PM",
        "temperature": 11,
        "weather_code": 266,
        "weather_icons": [
            "https://assets.weatherstack.com/images/wsymbols01_png_64/wsymbol_0017_cloudy_with_light_rain.png"
        ],
        "weather_descriptions": [
            "Light drizzle"
        ],
        "wind_speed": 5,
        "wind_degree": 244,
        "wind_dir": "WSW",
        "pressure": 1009,
        "precip": 0.6,
        "humidity": 100,
        "cloudcover": 100,
        "feelslike": 11,
        "uv_index": 3,
        "visibility": 2,
        "is_day": "yes"
    }
}