{
    "request": {
        "type": "LatLon",
        "query": "Lat -21.33 and Lon 20.00",
        "language": "en",
        "unit": "m"
    },
    "location": {
        "name": "Otjimanangombe",
        "country": "Namibia",
        "region": "Omaheke",
        "lat": "-21.417",
        "lon": "19.900",
        "timezone_id": "Africa/Windhoek",
        "localtime": "2022-08-16 20:59",
        "localtime_epoch": 1660683540,
        "utc_offset": "2.0"
    },
    "current": {
        "observation_time": "06:59 PM",
        "temperature": 19,
        "weather_code": 113,
        "weather_icons": [
            "https://assets.weatherstack.com/images/wsymbols01_png_64/wsymbol_0008_clear_sky_night.png"
        ],
        "weather_descriptions": [
            "Clear"
        ],
        "wind_speed": 13,
        "wind_degree": 27,
        "wind_dir": "NNE",
        "pressure": 1017,
        "precip": 0,
        "humidity": 10,
        "cloudcover": 0,
        "feelslike": 19,
        "uv_index": 1,
        "visibility": 10,
        "is_day": "no"
    }
}