{
    "request": {
        "type": "LatLon",
        "query": "Lat 63.25 and Lon 20.00",
        "language": "en",
        "unit": "m"
    },
    "location": {
        "name": "Jarnasklubb",
        "country": "Sweden",
        "region": "Vasterbottens Lan",
        "lat": "63.433",
        "lon": "19.667",
        "timezone_id": "Europe/Stockholm",
        "localtime": "2022-08-16 20:58",
        "localtime_epoch": 1660683480,
        "utc_offset": "2.0"
    },
    "current": {
        "observation_time": "06:58 PM",
        "temperature": 19,
        "weather_code": 176,
        "weather_icons": [
            "https://assets.weatherstack.com/images/wsymbols01_png_64/wsymbol_0009_light_rain_showers.png"
        ],
        "weather_descriptions": [
            "Patchy rain possible"
        ],
        "wind_speed": 18,
        "wind_degree": 173,
        "wind_dir": "S",
        "pressure": 1012,
        "precip": 0.8,
        "humidity": 89,
        "cloudcover": 73,
        "feelslike": 19,
        "uv_index": 4,
        "visibility": 9,
        "is_day": "no"
    }
}