{
    "request": {
        "type": "LatLon",
        "query": "Lat 65.42 and Lon 20.00",
        "language": "en",
        "unit": "m"
    },
    "location": {
        "name": "Risnabben",
        "country": "Sweden",
        "region": "Norrbottens Lan",
        "lat": "65.400",
        "lon": "19.950",
        "timezone_id": "Europe/Stockholm",
        "localtime": "2022-08-16 20:57",
        "localtime_epoch": 1660683420,
        "utc_offset": "2.0"
    },
    "current": {
        "observation_time": "06:57 PM",
        "temperature": 21,
        "weather_code": 113,
        "weather_icons": [
            "https://assets.weatherstack.com/images/wsymbols01_png_64/wsymbol_0001_sunny.png"
        ],
        "weather_descriptions": [
            "Sunny"
        ],
        "wind_speed": 19,
        "wind_degree": 168,
        "wind_dir": "SSE",
        "pressure": 1010,
        "precip": 0,
        "humidity": 74,
        "cloudcover": 12,
        "feelslike": 21,
        "uv_index": 6,
        "visibility": 10,
        "is_day": "yes"
    }
}