{
    "request": {
        "type": "LatLon",
        "query": "Lat 1.81 and Lon 20.00",
        "language": "en",
        "unit": "m"
    },
    "location": {
        "name": "Busu-Modanda",
        "country": "Democratic Republic of Congo",
        "region": "Sud-Kivu",
        "lat": "1.750",
        "lon": "20.017",
        "timezone_id": "Africa/Kinshasa",
        "localtime": "2022-08-16 19:58",
        "localtime_epoch": 1660679880,
        "utc_offset": "1.0"
    },
    "current": {
        "observation_time": "06:58 PM",
        "temperature": 25,
        "weather_code": 116,
        "weather_icons": [
            "https://assets.weatherstack.com/images/wsymbols01_png_64/wsymbol_0004_black_low_cloud.png"
        ],
        "weather_descriptions": [
            "Partly cloudy"
        ],
        "wind_speed": 4,
        "wind_degree": 97,
        "wind_dir": "E",
        "pressure": 1011,
        "precip": 0,
        "humidity": 67,
        "cloudcover": 44,
        "feelslike": 27,
        "uv_index": 1,
        "visibility": 10,
        "is_day": "no"
    }
}