{
    "request": {
        "type": "LatLon",
        "query": "Lat -29.28 and Lon 20.00",
        "language": "en",
        "unit": "m"
    },
    "location": {
        "name": "Kaimoepslaagte",
        "country": "South Africa",
        "region": "Northern Cape",
        "lat": "-29.367",
        "lon": "20.067",
        "timezone_id": "Africa/Johannesburg",
        "localtime": "2022-08-16 20:59",
        "localtime_epoch": 1660683540,
        "utc_offset": "2.0"
    },
    "current": {
        "observation_time": "06:59 PM",
        "temperature": 19,
        "weather_code": 113,
        "weather_icons": [
            "https://assets.weatherstack.com/images/wsymbols01_png_64/wsymbol_0008_clear_sky_night.png"
        ],
        "weather_descriptions": [
            "Clear"
        ],
        "wind_speed": 15,
        "wind_degree": 242,
        "wind_dir": "WSW",
        "pressure": 1014,
        "precip": 0,
        "humidity": 20,
        "cloudcover": 0,
        "feelslike": 19,
        "uv_index": 1,
        "visibility": 10,
        "is_day": "no"
    }
}