{
    "request": {
        "type": "LatLon",
        "query": "Lat -37.23 and Lon 20.00",
        "language": "en",
        "unit": "m"
    },
    "location": {
        "name": null,
        "country": null,
        "region": null,
        "lat": null,
        "lon": null,
        "timezone_id": "Africa/Libreville",
        "localtime": "2022-08-16 19:59",
        "localtime_epoch": 1660679940,
        "utc_offset": "1.0"
    },
    "current": {
        "observation_time": "06:59 PM",
        "temperature": 15,
        "weather_code": 113,
        "weather_icons": [
            "https://assets.weatherstack.com/images/wsymbols01_png_64/wsymbol_0001_sunny.png"
        ],
        "weather_descriptions": [
            "Sunny"
        ],
        "wind_speed": 35,
        "wind_degree": 265,
        "wind_dir": "W",
        "pressure": 1011,
        "precip": 0,
        "humidity": 75,
        "cloudcover": 8,
        "feelslike": 12,
        "uv_index": 4,
        "visibility": 10,
        "is_day": "no"
    }
}