{
    "request": {
        "type": "LatLon",
        "query": "Lat 58.19 and Lon 20.00",
        "language": "en",
        "unit": "m"
    },
    "location": {
        "name": "Ringvida",
        "country": "Sweden",
        "region": "Gotlands Lan",
        "lat": "57.933",
        "lon": "19.217",
        "timezone_id": "Europe/Stockholm",
        "localtime": "2022-08-16 20:58",
        "localtime_epoch": 1660683480,
        "utc_offset": "2.0"
    },
    "current": {
        "observation_time": "06:58 PM",
        "temperature": 22,
        "weather_code": 116,
        "weather_icons": [
            "https://assets.weatherstack.com/images/wsymbols01_png_64/wsymbol_0002_sunny_intervals.png"
        ],
        "weather_descriptions": [
            "Partly cloudy"
        ],
        "wind_speed": 22,
        "wind_degree": 159,
        "wind_dir": "SSE",
        "pressure": 1011,
        "precip": 0,
        "humidity": 83,
        "cloudcover": 30,
        "feelslike": 22,
        "uv_index": 6,
        "visibility": 10,
        "is_day": "no"
    }
}