{
    "request": {
        "type": "LatLon",
        "query": "Lat 50.24 and Lon 20.00",
        "language": "en",
        "unit": "m"
    },
    "location": {
        "name": "Przestansko",
        "country": "Poland",
        "region": "",
        "lat": "50.233",
        "lon": "20.017",
        "timezone_id": "Europe/Warsaw",
        "localtime": "2022-08-16 20:58",
        "localtime_epoch": 1660683480,
        "utc_offset": "2.0"
    },
    "current": {
        "observation_time": "06:58 PM",
        "temperature": 24,
        "weather_code": 113,
        "weather_icons": [
            "https://assets.weatherstack.com/images/wsymbols01_png_64/wsymbol_0008_clear_sky_night.png"
        ],
        "weather_descriptions": [
            "Clear"
        ],
        "wind_speed": 6,
        "wind_degree": 200,
        "wind_dir": "SSW",
        "pressure": 1010,
        "precip": 0.1,
        "humidity": 78,
        "cloudcover": 0,
        "feelslike": 26,
        "uv_index": 4,
        "visibility": 10,
        "is_day": "no"
    }
}