{
    "request": {
        "type": "LatLon",
        "query": "Lat 27.83 and Lon 20.00",
        "language": "en",
        "unit": "m"
    },
    "location": {
        "name": "Maradah",
        "country": "Libya",
        "region": "Ajdabiya",
        "lat": "29.233",
        "lon": "19.217",
        "timezone_id": "Africa/Tripoli",
        "localtime": "2022-08-16 20:58",
        "localtime_epoch": 1660683480,
        "utc_offset": "2.0"
    },
    "current": {
        "observation_time": "06:58 PM",
        "temperature": 35,
        "weather_code": 113,
        "weather_icons": [
            "https://assets.weatherstack.com/images/wsymbols01_png_64/wsymbol_0001_sunny.png"
        ],
        "weather_descriptions": [
            "Sunny"
        ],
        "wind_speed": 19,
        "wind_degree": 23,
        "wind_dir": "NNE",
        "pressure": 1010,
        "precip": 0,
        "humidity": 18,
        "cloudcover": 0,
        "feelslike": 33,
        "uv_index": 8,
        "visibility": 10,
        "is_day": "no"
    }
}