{
    "request": {
        "type": "LatLon",
        "query": "Lat 51.69 and Lon 20.00",
        "language": "en",
        "unit": "m"
    },
    "location": {
        "name": "Swiniokierz",
        "country": "Poland",
        "region": "",
        "lat": "51.700",
        "lon": "20.000",
        "timezone_id": "Europe/Warsaw",
        "localtime": "2022-08-16 20:58",
        "localtime_epoch": 1660683480,
        "utc_offset": "2.0"
    },
    "current": {
        "observation_time": "06:58 PM",
        "temperature": 22,
        "weather_code": 116,
        "weather_icons": [
            "https://assets.weatherstack.com/images/wsymbols01_png_64/wsymbol_0002_sunny_intervals.png"
        ],
        "weather_descriptions": [
            "Partly cloudy"
        ],
        "wind_speed": 4,
        "wind_degree": 15,
        "wind_dir": "NNE",
        "pressure": 1010,
        "precip": 0,
        "humidity": 71,
        "cloudcover": 28,
        "feelslike": 25,
        "uv_index": 6,
        "visibility": 10,
        "is_day": "no"
    }
}