{
    "request": {
        "type": "LatLon",
        "query": "Lat 9.76 and Lon 20.00",
        "language": "en",
        "unit": "m"
    },
    "location": {
        "name": "Dipkir",
        "country": "Chad",
        "region": "Salamat",
        "lat": "9.983",
        "lon": "19.683",
        "timezone_id": "Africa/Ndjamena",
        "localtime": "2022-08-16 19:58",
        "localtime_epoch": 1660679880,
        "utc_offset": "1.0"
    },
    "current": {
        "observation_time": "06:58 PM",
        "temperature": 22,
        "weather_code": 143,
        "weather_icons": [
            "https://assets.weatherstack.com/images/wsymbols01_png_64/wsymbol_0006_mist.png"
        ],
        "weather_descriptions": [
            "Mist"
        ],
        "wind_speed": 8,
        "wind_degree": 262,
        "wind_dir": "W",
        "pressure": 1012,
        "precip": 0,
        "humidity": 96,
        "cloudcover": 72,
        "feelslike": 22,
        "uv_index": 1,
        "visibility": 2,
        "is_day": "no"
    }
}