{
    "request": {
        "type": "LatLon",
        "query": "Lat 12.65 and Lon 20.00",
        "language": "en",
        "unit": "m"
    },
    "location": {
        "name": "Moura Gilbo",
        "country": "Chad",
        "region": "Guera",
        "lat": "12.617",
        "lon": "19.983",
        "timezone_id": "Africa/Ndjamena",
        "localtime": "2022-08-16 19:58",
        "localtime_epoch": 1660679880,
        "utc_offset": "1.0"
    },
    "current": {
        "observation_time": "06:58 PM",
        "temperature": 24,
        "weather_code": 119,
        "weather_icons": [
            "https://assets.weatherstack.com/images/wsymbols01_png_64/wsymbol_0003_white_cloud.png"
        ],
        "weather_descriptions": [
            "Cloudy"
        ],
        "wind_speed": 12,
        "wind_degree": 262,
        "wind_dir": "W",
        "pressure": 1012,
        "precip": 0,
        "humidity": 85,
        "cloudcover": 73,
        "feelslike": 26,
        "uv_index": 5,
        "visibility": 10,
        "is_day": "no"
    }
}