{
    "request": {
        "type": "LatLon",
        "query": "Lat 74.10 and Lon 20.00",
        "language": "en",
        "unit": "m"
    },
    "location": {
        "name": null,
        "country": null,
        "region": null,
        "lat": null,
        "lon": null,
        "timezone_id": "Arctic/Longyearbyen",
        "localtime": "2022-08-16 20:57",
        "localtime_epoch": 1660683420,
        "utc_offset": "2.0"
    },
    "current": {
        "observation_time": "06:57 PM",
        "temperature": 8,
        "weather_code": 122,
        "weather_icons": [
            "https://assets.weatherstack.com/images/wsymbols01_png_64/wsymbol_0004_black_low_cloud.png"
        ],
        "weather_descriptions": [
            "Overcast"
        ],
        "wind_speed": 13,
        "wind_degree": 211,
        "wind_dir": "SSW",
        "pressure": 1005,
        "precip": 0,
        "humidity": 99,
        "cloudcover": 100,
        "feelslike": 5,
        "uv_index": 2,
        "visibility": 10,
        "is_day": "yes"
    }
}