{
    "request": {
        "type": "LatLon",
        "query": "Lat 46.63 and Lon 20.00",
        "language": "en",
        "unit": "m"
    },
    "location": {
        "name": "Aranyhegy",
        "country": "Hungary",
        "region": "Bacs-Kiskun",
        "lat": "46.617",
        "lon": "20.000",
        "timezone_id": "Europe/Budapest",
        "localtime": "2022-08-16 20:58",
        "localtime_epoch": 1660683480,
        "utc_offset": "2.0"
    },
    "current": {
        "observation_time": "06:58 PM",
        "temperature": 27,
        "weather_code": 113,
        "weather_icons": [
            "https://assets.weatherstack.com/images/wsymbols01_png_64/wsymbol_0001_sunny.png"
        ],
        "weather_descriptions": [
            "Sunny"
        ],
        "wind_speed": 6,
        "wind_degree": 228,
        "wind_dir": "SW",
        "pressure": 1008,
        "precip": 0,
        "humidity": 39,
        "cloudcover": 21,
        "feelslike": 27,
        "uv_index": 7,
        "visibility": 10,
        "is_day": "no"
    }
}