{
    "request": {
        "type": "LatLon",
        "query": "Lat 66.87 and Lon 20.00",
        "language": "en",
        "unit": "m"
    },
    "location": {
        "name": "Harspranget",
        "country": "Sweden",
        "region": "Norrbottens Lan",
        "lat": "66.917",
        "lon": "19.817",
        "timezone_id": "Europe/Stockholm",
        "localtime": "2022-08-16 20:57",
        "localtime_epoch": 1660683420,
        "utc_offset": "2.0"
    },
    "current": {
        "observation_time": "06:57 PM",
        "temperature": 20,
        "weather_code": 176,
        "weather_icons": [
            "https://assets.weatherstack.com/images/wsymbols01_png_64/wsymbol_0009_light_rain_showers.png"
        ],
        "weather_descriptions": [
            "Patchy rain possible"
        ],
        "wind_speed": 11,
        "wind_degree": 163,
        "wind_dir": "SSE",
        "pressure": 1009,
        "precip": 2.1,
        "humidity": 78,
        "cloudcover": 75,
        "feelslike": 20,
        "uv_index": 5,
        "visibility": 9,
        "is_day": "yes"
    }
}