{
    "request": {
        "type": "LatLon",
        "query": "Lat 57.47 and Lon 20.00",
        "language": "en",
        "unit": "m"
    },
    "location": {
        "name": "Bungenas",
        "country": "Sweden",
        "region": "Gotlands Lan",
        "lat": "57.833",
        "lon": "19.083",
        "timezone_id": "Europe/Stockholm",
        "localtime": "2022-08-16 20:58",
        "localtime_epoch": 1660683480,
        "utc_offset": "2.0"
    },
    "current": {
        "observation_time": "06:58 PM",
        "temperature": 22,
        "weather_code": 113,
        "weather_icons": [
            "https://assets.weatherstack.com/images/wsymbols01_png_64/wsymbol_0001_sunny.png"
        ],
        "weather_descriptions": [
            "Sunny"
        ],
        "wind_speed": 17,
        "wind_degree": 143,
        "wind_dir": "SE",
        "pressure": 1011,
        "precip": 0,
        "humidity": 82,
        "cloudcover": 23,
        "feelslike": 25,
        "uv_index": 6,
        "visibility": 10,
        "is_day": "no"
    }
}