{
    "request": {
        "type": "LatLon",
        "query": "Lat 69.04 and Lon 20.00",
        "language": "en",
        "unit": "m"
    },
    "location": {
        "name": "Ruosta",
        "country": "Norway",
        "region": "Troms",
        "lat": "68.983",
        "lon": "19.667",
        "timezone_id": "Europe/Oslo",
        "localtime": "2022-08-16 20:57",
        "localtime_epoch": 1660683420,
        "utc_offset": "2.0"
    },
    "current": {
        "observation_time": "06:57 PM",
        "temperature": 10,
        "weather_code": 116,
        "weather_icons": [
            "https://assets.weatherstack.com/images/wsymbols01_png_64/wsymbol_0002_sunny_intervals.png"
        ],
        "weather_descriptions": [
            "Partly cloudy"
        ],
        "wind_speed": 4,
        "wind_degree": 122,
        "wind_dir": "ESE",
        "pressure": 1008,
        "precip": 0,
        "humidity": 86,
        "cloudcover": 48,
        "feelslike": 10,
        "uv_index": 3,
        "visibility": 10,
        "is_day": "yes"
    }
}