{
    "request": {
        "type": "LatLon",
        "query": "Lat 11.20 and Lon 20.00",
        "language": "en",
        "unit": "m"
    },
    "location": {
        "name": "Dzarzoura",
        "country": "Chad",
        "region": "Salamat",
        "lat": "11.117",
        "lon": "19.950",
        "timezone_id": "Africa/Ndjamena",
        "localtime": "2022-08-16 19:58",
        "localtime_epoch": 1660679880,
        "utc_offset": "1.0"
    },
    "current": {
        "observation_time": "06:58 PM",
        "temperature": 22,
        "weather_code": 176,
        "weather_icons": [
            "https://assets.weatherstack.com/images/wsymbols01_png_64/wsymbol_0025_light_rain_showers_night.png"
        ],
        "weather_descriptions": [
            "Patchy rain possible"
        ],
        "wind_speed": 9,
        "wind_degree": 263,
        "wind_dir": "W",
        "pressure": 1012,
        "precip": 0.6,
        "humidity": 94,
        "cloudcover": 87,
        "feelslike": 25,
        "uv_index": 1,
        "visibility": 9,
        "is_day": "no"
    }
}