{
    "request": {
        "type": "LatLon",
        "query": "Lat 66.14 and Lon 20.00",
        "language": "en",
        "unit": "m"
    },
    "location": {
        "name": "Kabdalis",
        "country": "Sweden",
        "region": "Norrbottens Lan",
        "lat": "66.150",
        "lon": "19.983",
        "timezone_id": "Europe/Stockholm",
        "localtime": "2022-08-16 20:57",
        "localtime_epoch": 1660683420,
        "utc_offset": "2.0"
    },
    "current": {
        "observation_time": "06:57 PM",
        "temperature": 23,
        "weather_code": 113,
        "weather_icons": [
            "https://assets.weatherstack.com/images/wsymbols01_png_64/wsymbol_0001_sunny.png"
        ],
        "weather_descriptions": [
            "Sunny"
        ],
        "wind_speed": 17,
        "wind_degree": 169,
        "wind_dir": "S",
        "pressure": 1010,
        "precip": 0,
        "humidity": 67,
        "cloudcover": 8,
        "feelslike": 25,
        "uv_index": 6,
        "visibility": 10,
        "is_day": "yes"
    }
}