{
    "request": {
        "type": "LatLon",
        "query": "Lat 33.61 and Lon 20.00",
        "language": "en",
        "unit": "m"
    },
    "location": {
        "name": "Al `Aquriyah",
        "country": "Libya",
        "region": "Al Khums",
        "lat": "32.533",
        "lon": "20.567",
        "timezone_id": "Europe/Malta",
        "localtime": "2022-08-16 20:58",
        "localtime_epoch": 1660683480,
        "utc_offset": "2.0"
    },
    "current": {
        "observation_time": "06:58 PM",
        "temperature": 26,
        "weather_code": 113,
        "weather_icons": [
            "https://assets.weatherstack.com/images/wsymbols01_png_64/wsymbol_0001_sunny.png"
        ],
        "weather_descriptions": [
            "Sunny"
        ],
        "wind_speed": 18,
        "wind_degree": 8,
        "wind_dir": "N",
        "pressure": 1014,
        "precip": 0,
        "humidity": 59,
        "cloudcover": 3,
        "feelslike": 27,
        "uv_index": 7,
        "visibility": 10,
        "is_day": "no"
    }
}