{
    "request": {
        "type": "LatLon",
        "query": "Lat 55.30 and Lon 20.00",
        "language": "en",
        "unit": "m"
    },
    "location": {
        "name": "Brusterort",
        "country": "Russia",
        "region": "Kaliningrad",
        "lat": "54.959",
        "lon": "19.978",
        "timezone_id": "Europe/Kaliningrad",
        "localtime": "2022-08-16 20:58",
        "localtime_epoch": 1660683480,
        "utc_offset": "2.0"
    },
    "current": {
        "observation_time": "06:58 PM",
        "temperature": 25,
        "weather_code": 176,
        "weather_icons": [
            "https://assets.weatherstack.com/images/wsymbols01_png_64/wsymbol_0009_light_rain_showers.png"
        ],
        "weather_descriptions": [
            "Patchy rain possible"
        ],
        "wind_speed": 25,
        "wind_degree": 118,
        "wind_dir": "ESE",
        "pressure": 1011,
        "precip": 0.1,
        "humidity": 72,
        "cloudcover": 87,
        "feelslike": 26,
        "uv_index": 5,
        "visibility": 10,
        "is_day": "no"
    }
}