{
    "request": {
        "type": "LatLon",
        "query": "Lat 61.08 and Lon 20.00",
        "language": "en",
        "unit": "m"
    },
    "location": {
        "name": "Niemi",
        "country": "Finland",
        "region": "Western Finland",
        "lat": "61.400",
        "lon": "21.067",
        "timezone_id": "Europe/Helsinki",
        "localtime": "2022-08-16 21:58",
        "localtime_epoch": 1660687080,
        "utc_offset": "3.0"
    },
    "current": {
        "observation_time": "06:58 PM",
        "temperature": 22,
        "weather_code": 113,
        "weather_icons": [
            "https://assets.weatherstack.com/images/wsymbols01_png_64/wsymbol_0001_sunny.png"
        ],
        "weather_descriptions": [
            "Sunny"
        ],
        "wind_speed": 17,
        "wind_degree": 159,
        "wind_dir": "SSE",
        "pressure": 1014,
        "precip": 0,
        "humidity": 69,
        "cloudcover": 24,
        "feelslike": 25,
        "uv_index": 6,
        "visibility": 10,
        "is_day": "no"
    }
}