{
    "request": {
        "type": "LatLon",
        "query": "Lat 31.45 and Lon 20.00",
        "language": "en",
        "unit": "m"
    },
    "location": {
        "name": "Kurkurah",
        "country": "Libya",
        "region": "Banghazi",
        "lat": "31.427",
        "lon": "20.033",
        "timezone_id": "Africa/Tripoli",
        "localtime": "2022-08-16 20:58",
        "localtime_epoch": 1660683480,
        "utc_offset": "2.0"
    },
    "current": {
        "observation_time": "06:58 PM",
        "temperature": 30,
        "weather_code": 113,
        "weather_icons": [
            "https://assets.weatherstack.com/images/wsymbols01_png_64/wsymbol_0001_sunny.png"
        ],
        "weather_descriptions": [
            "Sunny"
        ],
        "wind_speed": 32,
        "wind_degree": 351,
        "wind_dir": "N",
        "pressure": 1013,
        "precip": 0,
        "humidity": 53,
        "cloudcover": 2,
        "feelslike": 32,
        "uv_index": 8,
        "visibility": 10,
        "is_day": "no"
    }
}