{
    "request": {
        "type": "LatLon",
        "query": "Lat 25.66 and Lon 20.00",
        "language": "en",
        "unit": "m"
    },
    "location": {
        "name": null,
        "country": null,
        "region": null,
        "lat": null,
        "lon": null,
        "timezone_id": "Africa/Tripoli",
        "localtime": "2022-08-16 20:58",
        "localtime_epoch": 1660683480,
        "utc_offset": "2.0"
    },
    "current": {
        "observation_time": "06:58 PM",
        "temperature": 35,
        "weather_code": 113,
        "weather_icons": [
            "https://assets.weatherstack.com/images/wsymbols01_png_64/wsymbol_0001_sunny.png"
        ],
        "weather_descriptions": [
            "Sunny"
        ],
        "wind_speed": 13,
        "wind_degree": 31,
        "wind_dir": "NNE",
        "pressure": 1009,
        "precip": 0,
        "humidity": 16,
        "cloudcover": 0,
        "feelslike": 34,
        "uv_index": 9,
        "visibility": 10,
        "is_day": "no"
    }
}