{
    "request": {
        "type": "LatLon",
        "query": "Lat 7.59 and Lon 20.00",
        "language": "en",
        "unit": "m"
    },
    "location": {
        "name": "Ancien Village Ngouassa",
        "country": "Central African Republic",
        "region": "Bamingui-Bangoran",
        "lat": "7.517",
        "lon": "20.167",
        "timezone_id": "Africa/Bangui",
        "localtime": "2022-08-16 19:58",
        "localtime_epoch": 1660679880,
        "utc_offset": "1.0"
    },
    "current": {
        "observation_time": "06:58 PM",
        "temperature": 21,
        "weather_code": 353,
        "weather_icons": [
            "https://assets.weatherstack.com/images/wsymbols01_png_64/wsymbol_0025_light_rain_showers_night.png"
        ],
        "weather_descriptions": [
            "Light rain shower"
        ],
        "wind_speed": 6,
        "wind_degree": 321,
        "wind_dir": "NW",
        "pressure": 1013,
        "precip": 0.2,
        "humidity": 97,
        "cloudcover": 51,
        "feelslike": 21,
        "uv_index": 1,
        "visibility": 10,
        "is_day": "no"
    }
}