{
    "request": {
        "type": "LatLon",
        "query": "Lat 20.60 and Lon 20.00",
        "language": "en",
        "unit": "m"
    },
    "location": {
        "name": "Uri",
        "country": "Chad",
        "region": "Borkou-Ennedi-Tibesti",
        "lat": "21.400",
        "lon": "19.217",
        "timezone_id": "Africa/Ndjamena",
        "localtime": "2022-08-16 19:58",
        "localtime_epoch": 1660679880,
        "utc_offset": "1.0"
    },
    "current": {
        "observation_time": "06:58 PM",
        "temperature": 36,
        "weather_code": 113,
        "weather_icons": [
            "https://assets.weatherstack.com/images/wsymbols01_png_64/wsymbol_0001_sunny.png"
        ],
        "weather_descriptions": [
            "Sunny"
        ],
        "wind_speed": 15,
        "wind_degree": 49,
        "wind_dir": "NE",
        "pressure": 1007,
        "precip": 0,
        "humidity": 14,
        "cloudcover": 5,
        "feelslike": 35,
        "uv_index": 9,
        "visibility": 10,
        "is_day": "no"
    }
}