{
    "request": {
        "type": "LatLon",
        "query": "Lat 13.37 and Lon 20.00",
        "language": "en",
        "unit": "m"
    },
    "location": {
        "name": "Souka",
        "country": "Chad",
        "region": "Batha",
        "lat": "13.333",
        "lon": "19.967",
        "timezone_id": "Africa/Ndjamena",
        "localtime": "2022-08-16 19:58",
        "localtime_epoch": 1660679880,
        "utc_offset": "1.0"
    },
    "current": {
        "observation_time": "06:58 PM",
        "temperature": 25,
        "weather_code": 176,
        "weather_icons": [
            "https://assets.weatherstack.com/images/wsymbols01_png_64/wsymbol_0025_light_rain_showers_night.png"
        ],
        "weather_descriptions": [
            "Patchy rain possible"
        ],
        "wind_speed": 11,
        "wind_degree": 259,
        "wind_dir": "W",
        "pressure": 1011,
        "precip": 0.3,
        "humidity": 79,
        "cloudcover": 83,
        "feelslike": 27,
        "uv_index": 1,
        "visibility": 9,
        "is_day": "no"
    }
}