{
    "request": {
        "type": "LatLon",
        "query": "Lat -26.39 and Lon 20.00",
        "language": "en",
        "unit": "m"
    },
    "location": {
        "name": "Mier",
        "country": "South Africa",
        "region": "Northern Cape",
        "lat": "-26.733",
        "lon": "20.033",
        "timezone_id": "Africa/Windhoek",
        "localtime": "2022-08-16 20:59",
        "localtime_epoch": 1660683540,
        "utc_offset": "2.0"
    },
    "current": {
        "observation_time": "06:59 PM",
        "temperature": 24,
        "weather_code": 113,
        "weather_icons": [
            "https://assets.weatherstack.com/images/wsymbols01_png_64/wsymbol_0008_clear_sky_night.png"
        ],
        "weather_descriptions": [
            "Clear"
        ],
        "wind_speed": 15,
        "wind_degree": 272,
        "wind_dir": "W",
        "pressure": 1012,
        "precip": 0,
        "humidity": 12,
        "cloudcover": 0,
        "feelslike": 23,
        "uv_index": 1,
        "visibility": 10,
        "is_day": "no"
    }
}