{
    "request": {
        "type": "LatLon",
        "query": "Lat 43.73 and Lon 20.00",
        "language": "en",
        "unit": "m"
    },
    "location": {
        "name": "Gornje Severovo",
        "country": "Serbia",
        "region": "Serbia (general)",
        "lat": "43.731",
        "lon": "19.982",
        "timezone_id": "Europe/Belgrade",
        "localtime": "2022-08-16 20:58",
        "localtime_epoch": 1660683480,
        "utc_offset": "2.0"
    },
    "current": {
        "observation_time": "06:58 PM",
        "temperature": 16,
        "weather_code": 263,
        "weather_icons": [
            "https://assets.weatherstack.com/images/wsymbols01_png_64/wsymbol_0009_light_rain_showers.png"
        ],
        "weather_descriptions": [
            "Patchy light drizzle"
        ],
        "wind_speed": 10,
        "wind_degree": 251,
        "wind_dir": "WSW",
        "pressure": 1014,
        "precip": 0.6,
        "humidity": 83,
        "cloudcover": 74,
        "feelslike": 16,
        "uv_index": 4,
        "visibility": 5,
        "is_day": "no"
    }
}