{
    "request": {
        "type": "LatLon",
        "query": "Lat -30.00 and Lon 20.00",
        "language": "en",
        "unit": "m"
    },
    "location": {
        "name": "Bulsny",
        "country": "South Africa",
        "region": "Northern Cape",
        "lat": "-29.950",
        "lon": "20.150",
        "timezone_id": "Africa/Johannesburg",
        "localtime": "2022-08-16 20:59",
        "localtime_epoch": 1660683540,
        "utc_offset": "2.0"
    },
    "current": {
        "observation_time": "06:59 PM",
        "temperature": 20,
        "weather_code": 113,
        "weather_icons": [
            "https://assets.weatherstack.com/images/wsymbols01_png_64/wsymbol_0008_clear_sky_night.png"
        ],
        "weather_descriptions": [
            "Clear"
        ],
        "wind_speed": 19,
        "wind_degree": 282,
        "wind_dir": "WNW",
        "pressure": 1014,
        "precip": 0,
        "humidity": 19,
        "cloudcover": 0,
        "feelslike": 20,
        "uv_index": 1,
        "visibility": 10,
        "is_day": "no"
    }
}