{
    "request": {
        "type": "LatLon",
        "query": "Lat 11.93 and Lon 20.00",
        "language": "en",
        "unit": "m"
    },
    "location": {
        "name": "Kataouare",
        "country": "Chad",
        "region": "Ouaddai",
        "lat": "12.017",
        "lon": "19.900",
        "timezone_id": "Africa/Ndjamena",
        "localtime": "2022-08-16 19:58",
        "localtime_epoch": 1660679880,
        "utc_offset": "1.0"
    },
    "current": {
        "observation_time": "06:58 PM",
        "temperature": 24,
        "weather_code": 353,
        "weather_icons": [
            "https://assets.weatherstack.com/images/wsymbols01_png_64/wsymbol_0025_light_rain_showers_night.png"
        ],
        "weather_descriptions": [
            "Light rain shower"
        ],
        "wind_speed": 10,
        "wind_degree": 329,
        "wind_dir": "NNW",
        "pressure": 1012,
        "precip": 0.2,
        "humidity": 85,
        "cloudcover": 64,
        "feelslike": 26,
        "uv_index": 1,
        "visibility": 10,
        "is_day": "no"
    }
}