{
    "request": {
        "type": "LatLon",
        "query": "Lat -14.10 and Lon 20.00",
        "language": "en",
        "unit": "m"
    },
    "location": {
        "name": "Shipala",
        "country": "Angola",
        "region": "Moxico",
        "lat": "-14.017",
        "lon": "20.017",
        "timezone_id": "Africa/Luanda",
        "localtime": "2022-08-16 19:58",
        "localtime_epoch": 1660679880,
        "utc_offset": "1.0"
    },
    "current": {
        "observation_time": "06:58 PM",
        "temperature": 23,
        "weather_code": 113,
        "weather_icons": [
            "https://assets.weatherstack.com/images/wsymbols01_png_64/wsymbol_0008_clear_sky_night.png"
        ],
        "weather_descriptions": [
            "Clear"
        ],
        "wind_speed": 8,
        "wind_degree": 104,
        "wind_dir": "ESE",
        "pressure": 1012,
        "precip": 0,
        "humidity": 16,
        "cloudcover": 0,
        "feelslike": 23,
        "uv_index": 1,
        "visibility": 10,
        "is_day": "no"
    }
}