{
    "request": {
        "type": "LatLon",
        "query": "Lat 0.36 and Lon 20.00",
        "language": "en",
        "unit": "m"
    },
    "location": {
        "name": "Likedji",
        "country": "Democratic Republic of Congo",
        "region": "Katanga",
        "lat": "0.417",
        "lon": "20.033",
        "timezone_id": "Africa/Kinshasa",
        "localtime": "2022-08-16 19:58",
        "localtime_epoch": 1660679880,
        "utc_offset": "1.0"
    },
    "current": {
        "observation_time": "06:58 PM",
        "temperature": 25,
        "weather_code": 116,
        "weather_icons": [
            "https://assets.weatherstack.com/images/wsymbols01_png_64/wsymbol_0004_black_low_cloud.png"
        ],
        "weather_descriptions": [
            "Partly cloudy"
        ],
        "wind_speed": 12,
        "wind_degree": 35,
        "wind_dir": "NE",
        "pressure": 1009,
        "precip": 0,
        "humidity": 70,
        "cloudcover": 47,
        "feelslike": 27,
        "uv_index": 1,
        "visibility": 10,
        "is_day": "no"
    }
}