{
    "request": {
        "type": "LatLon",
        "query": "Lat -3.98 and Lon 20.00",
        "language": "en",
        "unit": "m"
    },
    "location": {
        "name": "Onko",
        "country": "Democratic Republic of Congo",
        "region": "Bandundu",
        "lat": "-4.117",
        "lon": "19.983",
        "timezone_id": "Africa/Kinshasa",
        "localtime": "2022-08-16 19:58",
        "localtime_epoch": 1660679880,
        "utc_offset": "1.0"
    },
    "current": {
        "observation_time": "06:58 PM",
        "temperature": 30,
        "weather_code": 113,
        "weather_icons": [
            "https://assets.weatherstack.com/images/wsymbols01_png_64/wsymbol_0008_clear_sky_night.png"
        ],
        "weather_descriptions": [
            "Clear"
        ],
        "wind_speed": 4,
        "wind_degree": 282,
        "wind_dir": "WNW",
        "pressure": 1007,
        "precip": 0,
        "humidity": 28,
        "cloudcover": 11,
        "feelslike": 29,
        "uv_index": 1,
        "visibility": 10,
        "is_day": "no"
    }
}