{
    "request": {
        "type": "LatLon",
        "query": "Lat 45.18 and Lon 20.00",
        "language": "en",
        "unit": "m"
    },
    "location": {
        "name": "Cortanovci",
        "country": "Serbia",
        "region": "Serbia (general)",
        "lat": "45.155",
        "lon": "20.019",
        "timezone_id": "Europe/Belgrade",
        "localtime": "2022-08-16 20:58",
        "localtime_epoch": 1660683480,
        "utc_offset": "2.0"
    },
    "current": {
        "observation_time": "06:58 PM",
        "temperature": 28,
        "weather_code": 113,
        "weather_icons": [
            "https://assets.weatherstack.com/images/wsymbols01_png_64/wsymbol_0001_sunny.png"
        ],
        "weather_descriptions": [
            "Sunny"
        ],
        "wind_speed": 13,
        "wind_degree": 252,
        "wind_dir": "WSW",
        "pressure": 1009,
        "precip": 0,
        "humidity": 35,
        "cloudcover": 20,
        "feelslike": 27,
        "uv_index": 7,
        "visibility": 10,
        "is_day": "no"
    }
}