{
    "request": {
        "type": "LatLon",
        "query": "Lat 3.98 and Lon 20.00",
        "language": "en",
        "unit": "m"
    },
    "location": {
        "name": "Boyavele",
        "country": "Democratic Republic of Congo",
        "region": "Equateur",
        "lat": "4.017",
        "lon": "20.033",
        "timezone_id": "Africa/Kinshasa",
        "localtime": "2022-08-16 19:58",
        "localtime_epoch": 1660679880,
        "utc_offset": "1.0"
    },
    "current": {
        "observation_time": "06:58 PM",
        "temperature": 23,
        "weather_code": 176,
        "weather_icons": [
            "https://assets.weatherstack.com/images/wsymbols01_png_64/wsymbol_0025_light_rain_showers_night.png"
        ],
        "weather_descriptions": [
            "Patchy rain possible"
        ],
        "wind_speed": 4,
        "wind_degree": 3,
        "wind_dir": "N",
        "pressure": 1012,
        "precip": 0.2,
        "humidity": 92,
        "cloudcover": 81,
        "feelslike": 25,
        "uv_index": 1,
        "visibility": 9,
        "is_day": "no"
    }
}