{
    "request": {
        "type": "LatLon",
        "query": "Lat 83.49 and Lon 20.00",
        "language": "en",
        "unit": "m"
    },
    "location": {
        "name": null,
        "country": null,
        "region": null,
        "lat": null,
        "lon": null,
        "timezone_id": "Arctic/Longyearbyen",
        "localtime": "2022-08-16 20:57",
        "localtime_epoch": 1660683420,
        "utc_offset": "2.0"
    },
    "current": {
        "observation_time": "06:57 PM",
        "temperature": 0,
        "weather_code": 113,
        "weather_icons": [
            "https://assets.weatherstack.com/images/wsymbols01_png_64/wsymbol_0008_clear_sky_night.png"
        ],
        "weather_descriptions": [
            "Clear"
        ],
        "wind_speed": 14,
        "wind_degree": 163,
        "wind_dir": "SSE",
        "pressure": 1022,
        "precip": 0,
        "humidity": 80,
        "cloudcover": 5,
        "feelslike": -4,
        "uv_index": 1,
        "visibility": 10,
        "is_day": "no"
    }
}