{
    "request": {
        "type": "LatLon",
        "query": "Lat 22.77 and Lon 20.00",
        "language": "en",
        "unit": "m"
    },
    "location": {
        "name": "`Eoj Wahs",
        "country": "Libya",
        "region": "Al Kufrah",
        "lat": "22.283",
        "lon": "19.767",
        "timezone_id": "Africa/Tripoli",
        "localtime": "2022-08-16 20:58",
        "localtime_epoch": 1660683480,
        "utc_offset": "2.0"
    },
    "current": {
        "observation_time": "06:58 PM",
        "temperature": 34,
        "weather_code": 113,
        "weather_icons": [
            "https://assets.weatherstack.com/images/wsymbols01_png_64/wsymbol_0008_clear_sky_night.png"
        ],
        "weather_descriptions": [
            "Clear"
        ],
        "wind_speed": 17,
        "wind_degree": 48,
        "wind_dir": "NE",
        "pressure": 1008,
        "precip": 0,
        "humidity": 16,
        "cloudcover": 4,
        "feelslike": 32,
        "uv_index": 1,
        "visibility": 10,
        "is_day": "no"
    }
}