{
    "request": {
        "type": "LatLon",
        "query": "Lat 42.29 and Lon 20.00",
        "language": "en",
        "unit": "m"
    },
    "location": {
        "name": "(( Markokaj ))",
        "country": "Albania",
        "region": "Kukes",
        "lat": "42.279",
        "lon": "20.018",
        "timezone_id": "Europe/Tirane",
        "localtime": "2022-08-16 20:58",
        "localtime_epoch": 1660683480,
        "utc_offset": "2.0"
    },
    "current": {
        "observation_time": "06:58 PM",
        "temperature": 20,
        "weather_code": 113,
        "weather_icons": [
            "https://assets.weatherstack.com/images/wsymbols01_png_64/wsymbol_0001_sunny.png"
        ],
        "weather_descriptions": [
            "Sunny"
        ],
        "wind_speed": 6,
        "wind_degree": 243,
        "wind_dir": "WSW",
        "pressure": 1012,
        "precip": 0,
        "humidity": 52,
        "cloudcover": 12,
        "feelslike": 20,
        "uv_index": 5,
        "visibility": 10,
        "is_day": "no"
    }
}