{
    "request": {
        "type": "LatLon",
        "query": "Lat -28.55 and Lon 20.00",
        "language": "en",
        "unit": "m"
    },
    "location": {
        "name": "Rooi Veldskoen",
        "country": "Namibia",
        "region": "Karas",
        "lat": "-28.467",
        "lon": "19.833",
        "timezone_id": "Africa/Johannesburg",
        "localtime": "2022-08-16 20:59",
        "localtime_epoch": 1660683540,
        "utc_offset": "2.0"
    },
    "current": {
        "observation_time": "06:59 PM",
        "temperature": 21,
        "weather_code": 113,
        "weather_icons": [
            "https://assets.weatherstack.com/images/wsymbols01_png_64/wsymbol_0008_clear_sky_night.png"
        ],
        "weather_descriptions": [
            "Clear"
        ],
        "wind_speed": 14,
        "wind_degree": 216,
        "wind_dir": "SW",
        "pressure": 1013,
        "precip": 0,
        "humidity": 16,
        "cloudcover": 0,
        "feelslike": 21,
        "uv_index": 1,
        "visibility": 10,
        "is_day": "no"
    }
}